product_id,sku,model_name,category,size,color,average_on_hand,average_available,minimum_available,maximum_available,ending_on_hand,ending_available,snapshot_days,stockout_days,stockout_rate
1074,SON-SAB-C-M-SG,Sabino,Trail,M,Saguaro,11.628336755646817,11.628336755646817,0,67,0,0,1461,896,0.6132785763175906
1076,SON-SAB-C-M-GR,Sabino,Trail,M,Granite,12.17659137577002,12.17659137577002,0,66,0,0,1461,887,0.6071184120465435
1106,SON-ROM-C-M-GR,Romero,Aggressive Trail,M,Granite,12.728268309377139,12.728268309377139,0,67,23,23,1461,861,0.5893223819301848
1073,SON-SAB-C-M-IR,Sabino,Trail,M,Ironwood,12.467488021902806,12.467488021902806,0,65,0,0,1461,860,0.5886379192334018
1077,SON-SAB-C-M-CY,Sabino,Trail,M,Coyote,13.048596851471595,13.048596851471595,0,71,1,1,1461,860,0.5886379192334018
1103,SON-ROM-C-M-IR,Romero,Aggressive Trail,M,Ironwood,13.382614647501711,13.382614647501711,0,72,0,0,1461,856,0.5859000684462696
1108,SON-ROM-C-M-SK,Romero,Aggressive Trail,M,Sky,12.83709787816564,12.83709787816564,0,66,10,10,1461,851,0.5824777549623545
1104,SON-ROM-C-M-SG,Romero,Aggressive Trail,M,Saguaro,12.827515400410677,12.827515400410677,0,66,8,8,1461,842,0.5763175906913073
1078,SON-SAB-C-M-SK,Sabino,Trail,M,Sky,13.138945927446954,13.138945927446954,0,66,16,16,1461,837,0.5728952772073922
1107,SON-ROM-C-M-CY,Romero,Aggressive Trail,M,Coyote,13.279260780287474,13.279260780287474,0,66,0,0,1461,834,0.5708418891170431
1105,SON-ROM-C-M-SS,Romero,Aggressive Trail,M,Sunset,14.08350444900753,14.08350444900753,0,69,3,3,1461,829,0.567419575633128
1080,SON-SAB-C-L-SG,Sabino,Trail,L,Saguaro,13.32785763175907,13.32785763175907,0,64,31,31,1461,820,0.5612594113620808
1075,SON-SAB-C-M-SS,Sabino,Trail,M,Sunset,13.645448323066393,13.645448323066393,0,64,0,0,1461,820,0.5612594113620808
1081,SON-SAB-C-L-SS,Sabino,Trail,L,Sunset,13.622861054072553,13.622861054072553,0,63,0,0,1461,818,0.5598904859685148
1084,SON-SAB-C-L-SK,Sabino,Trail,L,Sky,13.128678986995208,13.128678986995208,0,64,0,0,1461,813,0.5564681724845996
1082,SON-SAB-C-L-GR,Sabino,Trail,L,Granite,13.911019849418206,13.911019849418206,0,65,2,2,1461,813,0.5564681724845996
1114,SON-ROM-C-L-SK,Romero,Aggressive Trail,L,Sky,14.014373716632443,14.014373716632443,0,65,0,0,1461,810,0.5544147843942505
1111,SON-ROM-C-L-SS,Romero,Aggressive Trail,L,Sunset,14.45037645448323,14.45037645448323,0,65,53,53,1461,801,0.5482546201232033
1079,SON-SAB-C-L-IR,Sabino,Trail,L,Ironwood,14.849418206707734,14.849418206707734,0,67,56,56,1461,789,0.5400410677618069
1112,SON-ROM-C-L-GR,Romero,Aggressive Trail,L,Granite,14.967830253251197,14.967830253251197,0,68,14,14,1461,785,0.5373032169746749
1083,SON-SAB-C-L-CY,Sabino,Trail,L,Coyote,13.659822039698836,13.659822039698836,0,66,0,0,1461,784,0.5366187542778919
1109,SON-ROM-C-L-IR,Romero,Aggressive Trail,L,Ironwood,14.61533196440794,14.61533196440794,0,66,49,49,1461,778,0.5325119780971937
1110,SON-ROM-C-L-SG,Romero,Aggressive Trail,L,Saguaro,14.374401095140314,14.374401095140314,0,66,31,31,1461,777,0.5318275154004107
1113,SON-ROM-C-L-CY,Romero,Aggressive Trail,L,Coyote,13.73305954825462,13.73305954825462,0,64,0,0,1461,759,0.5195071868583162
1134,SON-ORA-C-M-SG,Oracle,Enduro,M,Saguaro,16.260780287474333,16.260780287474333,0,70,0,0,1461,696,0.47638603696098564
1136,SON-ORA-C-M-GR,Oracle,Enduro,M,Granite,15.965092402464066,15.965092402464066,0,64,11,11,1461,695,0.4757015742642026
1138,SON-ORA-C-M-SK,Oracle,Enduro,M,Sky,16.689938398357288,16.689938398357288,0,65,31,31,1461,682,0.4668035592060233
1135,SON-ORA-C-M-SS,Oracle,Enduro,M,Sunset,17.349075975359344,17.349075975359344,0,65,0,0,1461,673,0.460643394934976
1137,SON-ORA-C-M-CY,Oracle,Enduro,M,Coyote,17.354551676933607,17.354551676933607,0,69,0,0,1461,673,0.460643394934976
1133,SON-ORA-C-M-IR,Oracle,Enduro,M,Ironwood,16.51403148528405,16.51403148528405,0,64,25,25,1461,669,0.45790554414784396
1015,SON-CAT-C-M-SS,Catalina,Cross Country,M,Sunset,17.79876796714579,17.79876796714579,0,65,39,39,1461,645,0.4414784394250513
1139,SON-ORA-C-L-IR,Oracle,Enduro,L,Ironwood,16.808350444900753,16.808350444900753,0,67,0,0,1461,642,0.4394250513347023
1018,SON-CAT-C-M-SK,Catalina,Cross Country,M,Sky,17.305954825462013,17.305954825462013,0,63,21,21,1461,627,0.42915811088295686
1144,SON-ORA-C-L-SK,Oracle,Enduro,L,Sky,18.65571526351814,18.65571526351814,0,69,0,0,1461,615,0.4209445585215606
1014,SON-CAT-C-M-SG,Catalina,Cross Country,M,Saguaro,18.574264202600958,18.574264202600958,0,66,0,0,1461,609,0.41683778234086244
1016,SON-CAT-C-M-GR,Catalina,Cross Country,M,Granite,18.894592744695416,18.894592744695416,0,68,0,0,1461,609,0.41683778234086244
1017,SON-CAT-C-M-CY,Catalina,Cross Country,M,Coyote,18.602327173169062,18.602327173169062,0,64,8,8,1461,603,0.4127310061601643
1141,SON-ORA-C-L-SS,Oracle,Enduro,L,Sunset,16.978781656399725,16.978781656399725,0,67,16,16,1461,599,0.40999315537303216
1013,SON-CAT-C-M-IR,Catalina,Cross Country,M,Ironwood,18.32101300479124,18.32101300479124,0,68,31,31,1461,582,0.39835728952772076
1140,SON-ORA-C-L-SG,Oracle,Enduro,L,Saguaro,18.89664613278576,18.89664613278576,0,68,0,0,1461,580,0.39698836413415467
1143,SON-ORA-C-L-CY,Oracle,Enduro,L,Coyote,19.748802190280628,19.748802190280628,0,63,24,24,1461,580,0.39698836413415467
1142,SON-ORA-C-L-GR,Oracle,Enduro,L,Granite,18.293634496919918,18.293634496919918,0,65,60,60,1461,571,0.39082819986310746
1098,SON-ROM-C-S-SG,Romero,Aggressive Trail,S,Saguaro,19.64681724845996,19.64681724845996,0,63,56,56,1461,549,0.3757700205338809
1022,SON-CAT-C-L-GR,Catalina,Cross Country,L,Granite,19.043805612594113,19.043805612594113,0,65,0,0,1461,533,0.3648186173853525
1072,SON-SAB-C-S-SK,Sabino,Trail,S,Sky,20.976728268309376,20.976728268309376,0,68,0,0,1461,513,0.351129363449692
1021,SON-CAT-C-L-SS,Catalina,Cross Country,L,Sunset,20.317590691307323,20.317590691307323,0,64,61,61,1461,511,0.34976043805612594
1086,SON-SAB-C-XL-SG,Sabino,Trail,XL,Saguaro,19.934976043805612,19.934976043805612,0,65,36,36,1461,506,0.3463381245722108
1024,SON-CAT-C-L-SK,Catalina,Cross Country,L,Sky,20.87816563997262,20.87816563997262,0,66,47,47,1461,504,0.34496919917864477
1089,SON-SAB-C-XL-CY,Sabino,Trail,XL,Coyote,21.227926078028748,21.227926078028748,0,64,1,1,1461,498,0.3408624229979466
1088,SON-SAB-C-XL-GR,Sabino,Trail,XL,Granite,20.349760438056126,20.349760438056126,0,67,4,4,1461,497,0.3401779603011636
1070,SON-SAB-C-S-GR,Sabino,Trail,S,Granite,20.532511978097194,20.532511978097194,0,65,0,0,1461,497,0.3401779603011636
1023,SON-CAT-C-L-CY,Catalina,Cross Country,L,Coyote,20.600273785078713,20.600273785078713,0,70,13,13,1461,495,0.33880903490759756
1067,SON-SAB-C-S-IR,Sabino,Trail,S,Ironwood,20.16495550992471,20.16495550992471,0,63,45,45,1461,489,0.3347022587268994
1068,SON-SAB-C-S-SG,Sabino,Trail,S,Saguaro,21.385352498288842,21.385352498288842,0,66,14,14,1461,489,0.3347022587268994
1019,SON-CAT-C-L-IR,Catalina,Cross Country,L,Ironwood,21.60438056125941,21.60438056125941,0,63,0,0,1461,483,0.33059548254620125
1085,SON-SAB-C-XL-IR,Sabino,Trail,XL,Ironwood,20.462696783025326,20.462696783025326,0,69,0,0,1461,478,0.3271731690622861
1100,SON-ROM-C-S-GR,Romero,Aggressive Trail,S,Granite,22.0,22.0,0,64,0,0,1461,475,0.32511978097193706
1117,SON-ROM-C-XL-SS,Romero,Aggressive Trail,XL,Sunset,21.08829568788501,21.08829568788501,0,66,19,19,1461,474,0.324435318275154
1087,SON-SAB-C-XL-SS,Sabino,Trail,XL,Sunset,20.67214236824093,20.67214236824093,0,67,26,26,1461,471,0.32238193018480493
1020,SON-CAT-C-L-SG,Catalina,Cross Country,L,Saguaro,20.184804928131417,20.184804928131417,0,65,57,57,1461,469,0.3210130047912389
1115,SON-ROM-C-XL-IR,Romero,Aggressive Trail,XL,Ironwood,21.491444216290212,21.491444216290212,0,65,36,36,1461,469,0.3210130047912389
1069,SON-SAB-C-S-SS,Sabino,Trail,S,Sunset,20.89596167008898,20.89596167008898,0,64,11,11,1461,468,0.3203285420944558
1090,SON-SAB-C-XL-SK,Sabino,Trail,XL,Sky,20.19233401779603,20.19233401779603,0,63,1,1,1461,467,0.3196440793976728
1118,SON-ROM-C-XL-GR,Romero,Aggressive Trail,XL,Granite,22.521560574948666,22.521560574948666,0,64,3,3,1461,463,0.31690622861054074
1102,SON-ROM-C-S-SK,Romero,Aggressive Trail,S,Sky,21.790554414784395,21.790554414784395,0,69,45,45,1461,462,0.3162217659137577
1099,SON-ROM-C-S-SS,Romero,Aggressive Trail,S,Sunset,21.83915126625599,21.83915126625599,0,62,54,54,1461,454,0.3107460643394935
1116,SON-ROM-C-XL-SG,Romero,Aggressive Trail,XL,Saguaro,21.663928815879533,21.663928815879533,0,64,60,60,1461,449,0.3073237508555784
1071,SON-SAB-C-S-CY,Sabino,Trail,S,Coyote,20.164271047227928,20.164271047227928,0,62,53,53,1461,447,0.3059548254620123
1119,SON-ROM-C-XL-CY,Romero,Aggressive Trail,XL,Coyote,21.32991101984942,21.32991101984942,0,62,0,0,1461,434,0.29705681040383297
1097,SON-ROM-C-S-IR,Romero,Aggressive Trail,S,Ironwood,22.345653661875428,22.345653661875428,0,63,51,51,1461,432,0.29568788501026694
1120,SON-ROM-C-XL-SK,Romero,Aggressive Trail,XL,Sky,21.93839835728953,21.93839835728953,0,65,0,0,1461,389,0.2662559890485969
1101,SON-ROM-C-S-CY,Romero,Aggressive Trail,S,Coyote,22.76659822039699,22.76659822039699,0,65,8,8,1461,371,0.2539356605065024
1046,SON-RIN-C-M-GR,Rincon,Downcountry,M,Granite,24.060232717316907,24.060232717316907,0,64,51,51,1461,350,0.23956194387405885
1047,SON-RIN-C-M-CY,Rincon,Downcountry,M,Coyote,24.516769336071185,24.516769336071185,0,64,44,44,1461,344,0.23545516769336072
1048,SON-RIN-C-M-SK,Rincon,Downcountry,M,Sky,25.11362080766598,25.11362080766598,0,69,2,2,1461,327,0.22381930184804927
1044,SON-RIN-C-M-SG,Rincon,Downcountry,M,Saguaro,24.50924024640657,24.50924024640657,0,69,27,27,1461,323,0.22108145106091717
1052,SON-RIN-C-L-GR,Rincon,Downcountry,L,Granite,25.336071184120467,25.336071184120467,0,64,14,14,1461,294,0.20123203285420946
1128,SON-ORA-C-S-SG,Oracle,Enduro,S,Saguaro,25.510609171800137,25.510609171800137,0,67,58,58,1461,285,0.19507186858316222
1150,SON-ORA-C-XL-SK,Oracle,Enduro,XL,Sky,26.581108829568787,26.581108829568787,0,66,57,57,1461,285,0.19507186858316222
1145,SON-ORA-C-XL-IR,Oracle,Enduro,XL,Ironwood,25.830937713894592,25.830937713894592,0,67,62,62,1461,282,0.19301848049281314
1127,SON-ORA-C-S-IR,Oracle,Enduro,S,Ironwood,26.322381930184804,26.322381930184804,0,64,51,51,1461,276,0.188911704312115
1132,SON-ORA-C-S-SK,Oracle,Enduro,S,Sky,26.969883641341546,26.969883641341546,0,63,26,26,1461,276,0.188911704312115
1131,SON-ORA-C-S-CY,Oracle,Enduro,S,Coyote,25.347022587268995,25.347022587268995,0,63,42,42,1461,268,0.1834360027378508
1147,SON-ORA-C-XL-SS,Oracle,Enduro,XL,Sunset,27.321697467488022,27.321697467488022,0,71,34,34,1461,268,0.1834360027378508
1146,SON-ORA-C-XL-SG,Oracle,Enduro,XL,Saguaro,25.45722108145106,25.45722108145106,0,65,0,0,1461,267,0.18275154004106775
1045,SON-RIN-C-M-SS,Rincon,Downcountry,M,Sunset,25.281314168377822,25.281314168377822,0,63,53,53,1461,259,0.17727583846680356
1148,SON-ORA-C-XL-GR,Oracle,Enduro,XL,Granite,25.826830937713893,25.826830937713893,0,70,67,67,1461,256,0.17522245037645448
1049,SON-RIN-C-L-IR,Rincon,Downcountry,L,Ironwood,26.698151950718685,26.698151950718685,0,64,42,42,1461,251,0.17180013689253937
1051,SON-RIN-C-L-SS,Rincon,Downcountry,L,Sunset,26.91170431211499,26.91170431211499,0,62,20,20,1461,251,0.17180013689253937
1130,SON-ORA-C-S-GR,Oracle,Enduro,S,Granite,26.921286789869953,26.921286789869953,0,67,11,11,1461,244,0.16700889801505817
1129,SON-ORA-C-S-SS,Oracle,Enduro,S,Sunset,26.730321697467488,26.730321697467488,0,65,57,57,1461,241,0.16495550992470911
1054,SON-RIN-C-L-SK,Rincon,Downcountry,L,Sky,27.67214236824093,27.67214236824093,0,63,46,46,1461,228,0.15605749486652978
1053,SON-RIN-C-L-CY,Rincon,Downcountry,L,Coyote,28.299794661190965,28.299794661190965,0,64,17,17,1461,228,0.15605749486652978
1011,SON-CAT-C-S-CY,Catalina,Cross Country,S,Coyote,27.731690622861056,27.731690622861056,0,63,32,32,1461,212,0.14510609171800137
1043,SON-RIN-C-M-IR,Rincon,Downcountry,M,Ironwood,26.949349760438057,26.949349760438057,0,68,8,8,1461,206,0.14099931553730322
1149,SON-ORA-C-XL-CY,Oracle,Enduro,XL,Coyote,27.509924709103355,27.509924709103355,0,67,10,10,1461,204,0.13963039014373715
1008,SON-CAT-C-S-SG,Catalina,Cross Country,S,Saguaro,27.888432580424368,27.888432580424368,0,73,65,65,1461,187,0.12799452429842573
1025,SON-CAT-C-XL-IR,Catalina,Cross Country,XL,Ironwood,27.853524982888434,27.853524982888434,0,64,57,57,1461,183,0.12525667351129363
1007,SON-CAT-C-S-IR,Catalina,Cross Country,S,Ironwood,28.117043121149898,28.117043121149898,0,72,61,61,1461,181,0.12388774811772758
1167,SON-SKY-C-M-CY,Sky Island,eMTB,M,Coyote,28.822039698836413,28.822039698836413,0,66,37,37,1461,177,0.12114989733059549
1027,SON-CAT-C-XL-SS,Catalina,Cross Country,XL,Sunset,28.628336755646817,28.628336755646817,0,61,15,15,1461,174,0.11909650924024641
1164,SON-SKY-C-M-SG,Sky Island,eMTB,M,Saguaro,27.357973990417523,27.357973990417523,0,64,1,1,1461,173,0.11841204654346338
1166,SON-SKY-C-M-GR,Sky Island,eMTB,M,Granite,29.250513347022586,29.250513347022586,0,70,34,34,1461,173,0.11841204654346338
1012,SON-CAT-C-S-SK,Catalina,Cross Country,S,Sky,28.121149897330596,28.121149897330596,0,65,10,10,1461,168,0.11498973305954825
1050,SON-RIN-C-L-SG,Rincon,Downcountry,L,Saguaro,25.91854893908282,25.91854893908282,0,69,58,58,1461,166,0.1136208076659822
1170,SON-SKY-C-L-SG,Sky Island,eMTB,L,Saguaro,29.152635181382614,29.152635181382614,0,67,11,11,1461,162,0.11088295687885011
1169,SON-SKY-C-L-IR,Sky Island,eMTB,L,Ironwood,29.89596167008898,29.89596167008898,0,67,53,53,1461,161,0.11019849418206708
1010,SON-CAT-C-S-GR,Catalina,Cross Country,S,Granite,29.08829568788501,29.08829568788501,0,71,57,57,1461,159,0.10882956878850103
1009,SON-CAT-C-S-SS,Catalina,Cross Country,S,Sunset,28.581793292265573,28.581793292265573,0,67,51,51,1461,157,0.10746064339493498
1026,SON-CAT-C-XL-SG,Catalina,Cross Country,XL,Saguaro,28.901437371663246,28.901437371663246,0,71,26,26,1461,154,0.1054072553045859
1029,SON-CAT-C-XL-CY,Catalina,Cross Country,XL,Coyote,28.05201916495551,28.05201916495551,0,65,3,3,1461,153,0.10472279260780287
1030,SON-CAT-C-XL-SK,Catalina,Cross Country,XL,Sky,28.190280629705683,28.190280629705683,0,66,53,53,1461,142,0.0971937029431896
1171,SON-SKY-C-L-SS,Sky Island,eMTB,L,Sunset,30.645448323066393,30.645448323066393,0,68,51,51,1461,129,0.08829568788501027
1028,SON-CAT-C-XL-GR,Catalina,Cross Country,XL,Granite,27.505817932922657,27.505817932922657,0,66,60,60,1461,127,0.08692676249144421
1168,SON-SKY-C-M-SK,Sky Island,eMTB,M,Sky,28.11772758384668,28.11772758384668,0,63,30,30,1461,125,0.08555783709787816
1064,SON-SAB-C-XS-GR,Sabino,Trail,XS,Granite,31.947296372347708,31.947296372347708,0,70,49,49,1461,109,0.07460643394934977
1174,SON-SKY-C-L-SK,Sky Island,eMTB,L,Sky,30.99247091033539,30.99247091033539,0,71,26,26,1461,104,0.07118412046543464
1172,SON-SKY-C-L-GR,Sky Island,eMTB,L,Granite,32.16563997262149,32.16563997262149,0,77,14,14,1461,104,0.07118412046543464
1165,SON-SKY-C-M-SS,Sky Island,eMTB,M,Sunset,28.470225872689937,28.470225872689937,0,64,37,37,1461,93,0.06365503080082136
1057,SON-RIN-C-XL-SS,Rincon,Downcountry,XL,Sunset,32.28405201916495,32.28405201916495,0,67,19,19,1461,93,0.06365503080082136
1173,SON-SKY-C-L-CY,Sky Island,eMTB,L,Coyote,32.89253935660506,32.89253935660506,0,71,60,60,1461,77,0.05270362765229295
1062,SON-SAB-C-XS-SG,Sabino,Trail,XS,Saguaro,34.37166324435318,34.37166324435318,0,75,15,15,1461,76,0.05201916495550993
1163,SON-SKY-C-M-IR,Sky Island,eMTB,M,Ironwood,29.975359342915812,29.975359342915812,0,67,32,32,1461,75,0.0513347022587269
1096,SON-ROM-C-XS-SK,Romero,Aggressive Trail,XS,Sky,33.87268993839836,33.87268993839836,0,74,33,33,1461,71,0.0485968514715948
1065,SON-SAB-C-XS-CY,Sabino,Trail,XS,Coyote,31.784394250513348,31.784394250513348,0,66,59,59,1461,70,0.04791238877481177
1040,SON-RIN-C-S-GR,Rincon,Downcountry,S,Granite,36.76728268309377,36.76728268309377,0,72,40,40,1461,65,0.044490075290896644
1059,SON-RIN-C-XL-CY,Rincon,Downcountry,XL,Coyote,33.10198494182067,33.10198494182067,0,69,10,10,1461,59,0.040383299110198494
1066,SON-SAB-C-XS-SK,Sabino,Trail,XS,Sky,33.05544147843943,33.05544147843943,0,72,51,51,1461,57,0.039014373716632446
1063,SON-SAB-C-XS-SS,Sabino,Trail,XS,Sunset,33.7741273100616,33.7741273100616,0,75,21,21,1461,55,0.03764544832306639
1061,SON-SAB-C-XS-IR,Sabino,Trail,XS,Ironwood,31.872689938398356,31.872689938398356,0,73,40,40,1461,54,0.03696098562628337
1091,SON-ROM-C-XS-IR,Romero,Aggressive Trail,XS,Ironwood,34.66872005475702,34.66872005475702,0,68,41,41,1461,54,0.03696098562628337
1126,SON-ORA-C-XS-SK,Oracle,Enduro,XS,Sky,38.054757015742645,38.054757015742645,0,74,21,21,1461,54,0.03696098562628337
1203,SON-SON-A-L-CY,Sonoita,Gravel,L,Coyote,38.876112251882276,38.876112251882276,0,71,31,31,1461,48,0.03285420944558522
1037,SON-RIN-C-S-IR,Rincon,Downcountry,S,Ironwood,33.05544147843943,33.05544147843943,0,72,37,37,1461,47,0.03216974674880219
1095,SON-ROM-C-XS-CY,Romero,Aggressive Trail,XS,Coyote,34.661875427789184,34.661875427789184,0,72,19,19,1461,45,0.030800821355236138
1038,SON-RIN-C-S-SG,Rincon,Downcountry,S,Saguaro,34.19849418206708,34.19849418206708,0,72,34,34,1461,44,0.030116358658453114
1092,SON-ROM-C-XS-SG,Romero,Aggressive Trail,XS,Saguaro,34.19849418206708,34.19849418206708,0,73,44,44,1461,43,0.02943189596167009
1039,SON-RIN-C-S-SS,Rincon,Downcountry,S,Sunset,38.695414099931554,38.695414099931554,0,77,61,61,1461,40,0.02737850787132101
1060,SON-RIN-C-XL-SK,Rincon,Downcountry,XL,Sky,36.14031485284052,36.14031485284052,0,71,42,42,1461,36,0.024640657084188913
1196,SON-SON-A-M-GR,Sonoita,Gravel,M,Granite,39.412731006160165,39.412731006160165,0,76,50,50,1461,35,0.023956194387405885
1055,SON-RIN-C-XL-IR,Rincon,Downcountry,XL,Ironwood,36.50034223134839,36.50034223134839,0,79,39,39,1461,33,0.022587268993839837
1058,SON-RIN-C-XL-GR,Rincon,Downcountry,XL,Granite,32.100616016427104,32.100616016427104,0,67,33,33,1461,32,0.02190280629705681
1093,SON-ROM-C-XS-SS,Romero,Aggressive Trail,XS,Sunset,33.86379192334018,33.86379192334018,0,78,62,62,1461,30,0.02053388090349076
1202,SON-SON-A-L-GR,Sonoita,Gravel,L,Granite,38.22108145106092,38.22108145106092,0,70,59,59,1461,23,0.01574264202600958
1198,SON-SON-A-M-SK,Sonoita,Gravel,M,Sky,35.52498288843258,35.52498288843258,0,74,68,68,1461,18,0.012320328542094456
1193,SON-SON-A-M-IR,Sonoita,Gravel,M,Ironwood,37.331964407939765,37.331964407939765,0,71,18,18,1461,18,0.012320328542094456
1194,SON-SON-A-M-SG,Sonoita,Gravel,M,Saguaro,37.39082819986311,37.39082819986311,0,72,62,62,1461,17,0.01163586584531143
1178,SON-SKY-C-XL-GR,Sky Island,eMTB,XL,Granite,43.2539356605065,43.2539356605065,0,76,47,47,1461,17,0.01163586584531143
1041,SON-RIN-C-S-CY,Rincon,Downcountry,S,Coyote,36.30321697467488,36.30321697467488,0,74,30,30,1461,15,0.01026694045174538
1056,SON-RIN-C-XL-SG,Rincon,Downcountry,XL,Saguaro,36.21149897330596,36.21149897330596,0,72,56,56,1461,14,0.009582477754962354
1005,SON-CAT-C-XS-CY,Catalina,Cross Country,XS,Coyote,38.030800821355236,38.030800821355236,0,70,33,33,1461,14,0.009582477754962354
1200,SON-SON-A-L-SG,Sonoita,Gravel,L,Saguaro,39.4072553045859,39.4072553045859,0,73,62,62,1461,14,0.009582477754962354
1123,SON-ORA-C-XS-SS,Oracle,Enduro,XS,Sunset,41.56331279945243,41.56331279945243,0,79,48,48,1461,13,0.00889801505817933
1201,SON-SON-A-L-SS,Sonoita,Gravel,L,Sunset,36.18343600273785,36.18343600273785,0,75,24,24,1461,12,0.008213552361396304
1195,SON-SON-A-M-SS,Sonoita,Gravel,M,Sunset,37.79397672826831,37.79397672826831,0,74,32,32,1461,12,0.008213552361396304
1042,SON-RIN-C-S-SK,Rincon,Downcountry,S,Sky,35.069130732375086,35.069130732375086,0,77,15,15,1461,9,0.006160164271047228
1125,SON-ORA-C-XS-CY,Oracle,Enduro,XS,Coyote,40.03764544832307,40.03764544832307,0,76,42,42,1461,8,0.0054757015742642025
1003,SON-CAT-C-XS-SS,Catalina,Cross Country,XS,Sunset,41.90075290896646,41.90075290896646,0,71,53,53,1461,7,0.004791238877481177
1175,SON-SKY-C-XL-IR,Sky Island,eMTB,XL,Ironwood,37.973990417522245,37.973990417522245,0,78,74,74,1461,6,0.004106776180698152
1122,SON-ORA-C-XS-SG,Oracle,Enduro,XS,Saguaro,36.40999315537303,36.40999315537303,0,74,28,28,1461,4,0.0027378507871321013
1159,SON-SKY-C-S-SS,Sky Island,eMTB,S,Sunset,35.6331279945243,35.6331279945243,0,75,73,73,1461,3,0.002053388090349076
1158,SON-SKY-C-S-SG,Sky Island,eMTB,S,Saguaro,37.143737166324435,37.143737166324435,0,71,30,30,1461,1,0.0006844626967830253
1177,SON-SKY-C-XL-SS,Sky Island,eMTB,XL,Sunset,35.941820670773446,35.941820670773446,1,69,16,16,1461,0,0.0
1199,SON-SON-A-L-IR,Sonoita,Gravel,L,Ironwood,37.403832991101986,37.403832991101986,3,77,16,16,1461,0,0.0
1124,SON-ORA-C-XS-GR,Oracle,Enduro,XS,Granite,37.83915126625599,37.83915126625599,1,73,10,10,1461,0,0.0
1156,SON-SKY-C-XS-SK,Sky Island,eMTB,XS,Sky,37.99520876112252,37.99520876112252,12,75,59,59,1461,0,0.0
1160,SON-SKY-C-S-GR,Sky Island,eMTB,S,Granite,38.34839151266256,38.34839151266256,1,69,40,40,1461,0,0.0
1094,SON-ROM-C-XS-GR,Romero,Aggressive Trail,XS,Granite,38.389459274469544,38.389459274469544,7,76,40,40,1461,0,0.0
1197,SON-SON-A-M-CY,Sonoita,Gravel,M,Coyote,38.440793976728266,38.440793976728266,3,75,42,42,1461,0,0.0
1006,SON-CAT-C-XS-SK,Catalina,Cross Country,XS,Sky,38.76454483230664,38.76454483230664,4,77,25,25,1461,0,0.0
1162,SON-SKY-C-S-SK,Sky Island,eMTB,S,Sky,39.049281314168375,39.049281314168375,6,74,34,34,1461,0,0.0
1002,SON-CAT-C-XS-SG,Catalina,Cross Country,XS,Saguaro,39.29705681040383,39.29705681040383,5,71,37,37,1461,0,0.0
1001,SON-CAT-C-XS-IR,Catalina,Cross Country,XS,Ironwood,39.31759069130732,39.31759069130732,2,72,49,49,1461,0,0.0
1121,SON-ORA-C-XS-IR,Oracle,Enduro,XS,Ironwood,39.51266255989049,39.51266255989049,1,72,18,18,1461,0,0.0
1204,SON-SON-A-L-SK,Sonoita,Gravel,L,Sky,39.616016427104725,39.616016427104725,3,73,47,47,1461,0,0.0
1191,SON-SON-A-S-CY,Sonoita,Gravel,S,Coyote,39.82067077344285,39.82067077344285,6,73,22,22,1461,0,0.0
1004,SON-CAT-C-XS-GR,Catalina,Cross Country,XS,Granite,40.26078028747433,40.26078028747433,2,75,39,39,1461,0,0.0
1161,SON-SKY-C-S-CY,Sky Island,eMTB,S,Coyote,40.76386036960986,40.76386036960986,1,72,24,24,1461,0,0.0
1157,SON-SKY-C-S-IR,Sky Island,eMTB,S,Ironwood,41.31074606433949,41.31074606433949,2,77,51,51,1461,0,0.0
1176,SON-SKY-C-XL-SG,Sky Island,eMTB,XL,Saguaro,41.342231348391515,41.342231348391515,7,73,50,50,1461,0,0.0
1035,SON-RIN-C-XS-CY,Rincon,Downcountry,XS,Coyote,41.520876112251884,41.520876112251884,11,76,38,38,1461,0,0.0
1188,SON-SON-A-S-SG,Sonoita,Gravel,S,Saguaro,42.19438740588638,42.19438740588638,5,78,23,23,1461,0,0.0
1180,SON-SKY-C-XL-SK,Sky Island,eMTB,XL,Sky,42.41683778234086,42.41683778234086,2,78,49,49,1461,0,0.0
1190,SON-SON-A-S-GR,Sonoita,Gravel,S,Granite,42.568788501026695,42.568788501026695,12,77,40,40,1461,0,0.0
1179,SON-SKY-C-XL-CY,Sky Island,eMTB,XL,Coyote,42.724161533196444,42.724161533196444,5,77,57,57,1461,0,0.0
1155,SON-SKY-C-XS-CY,Sky Island,eMTB,XS,Coyote,43.04380561259411,43.04380561259411,6,74,64,64,1461,0,0.0
1192,SON-SON-A-S-SK,Sonoita,Gravel,S,Sky,43.36208076659822,43.36208076659822,6,80,30,30,1461,0,0.0
1206,SON-SON-A-XL-SG,Sonoita,Gravel,XL,Saguaro,43.43258042436687,43.43258042436687,8,78,50,50,1461,0,0.0
1209,SON-SON-A-XL-CY,Sonoita,Gravel,XL,Coyote,43.49075975359343,43.49075975359343,9,79,71,71,1461,0,0.0
1036,SON-RIN-C-XS-SK,Rincon,Downcountry,XS,Sky,43.54209445585216,43.54209445585216,12,80,73,73,1461,0,0.0
1182,SON-SON-A-XS-SG,Sonoita,Gravel,XS,Saguaro,43.56125941136208,43.56125941136208,14,74,26,26,1461,0,0.0
1186,SON-SON-A-XS-SK,Sonoita,Gravel,XS,Sky,44.26557152635181,44.26557152635181,14,76,38,38,1461,0,0.0
1154,SON-SKY-C-XS-GR,Sky Island,eMTB,XS,Granite,44.3264887063655,44.3264887063655,17,79,55,55,1461,0,0.0
1152,SON-SKY-C-XS-SG,Sky Island,eMTB,XS,Saguaro,44.33538672142368,44.33538672142368,18,78,78,78,1461,0,0.0
1205,SON-SON-A-XL-IR,Sonoita,Gravel,XL,Ironwood,44.61396303901437,44.61396303901437,14,76,53,53,1461,0,0.0
1187,SON-SON-A-S-IR,Sonoita,Gravel,S,Ironwood,44.898699520876114,44.898699520876114,11,78,73,73,1461,0,0.0
1189,SON-SON-A-S-SS,Sonoita,Gravel,S,Sunset,45.01368925393566,45.01368925393566,10,79,24,24,1461,0,0.0
1208,SON-SON-A-XL-GR,Sonoita,Gravel,XL,Granite,45.199863107460644,45.199863107460644,13,78,36,36,1461,0,0.0
1153,SON-SKY-C-XS-SS,Sky Island,eMTB,XS,Sunset,45.75770020533881,45.75770020533881,14,76,67,67,1461,0,0.0
1033,SON-RIN-C-XS-SS,Rincon,Downcountry,XS,Sunset,46.45311430527036,46.45311430527036,18,80,53,53,1461,0,0.0
1210,SON-SON-A-XL-SK,Sonoita,Gravel,XL,Sky,47.09377138945928,47.09377138945928,9,79,32,32,1461,0,0.0
1207,SON-SON-A-XL-SS,Sonoita,Gravel,XL,Sunset,47.49007529089665,47.49007529089665,12,79,70,70,1461,0,0.0
1031,SON-RIN-C-XS-IR,Rincon,Downcountry,XS,Ironwood,47.709787816563995,47.709787816563995,11,78,41,41,1461,0,0.0
1183,SON-SON-A-XS-SS,Sonoita,Gravel,XS,Sunset,48.200547570157426,48.200547570157426,13,75,36,36,1461,0,0.0
1032,SON-RIN-C-XS-SG,Rincon,Downcountry,XS,Saguaro,49.28268309377139,49.28268309377139,13,78,37,37,1461,0,0.0
1151,SON-SKY-C-XS-IR,Sky Island,eMTB,XS,Ironwood,50.18001368925393,50.18001368925393,16,80,80,80,1461,0,0.0
1034,SON-RIN-C-XS-GR,Rincon,Downcountry,XS,Granite,50.18275154004107,50.18275154004107,16,79,34,34,1461,0,0.0
1185,SON-SON-A-XS-CY,Sonoita,Gravel,XS,Coyote,51.390143737166326,51.390143737166326,18,78,58,58,1461,0,0.0
1181,SON-SON-A-XS-IR,Sonoita,Gravel,XS,Ironwood,53.47707049965777,53.47707049965777,19,80,55,55,1461,0,0.0
1184,SON-SON-A-XS-GR,Sonoita,Gravel,XS,Granite,53.856262833675565,53.856262833675565,18,79,49,49,1461,0,0.0
