date,weather,dealer_orders,dtc_orders,total_orders,purchase_orders_received,purchase_units_received,purchase_orders_created,purchase_units_ordered,total_on_hand_units,total_available_units,out_of_stock_skus
2022-01-01,Sunny,3,8,11,0,0,0,0,8359,8359,0
2022-01-02,Sunny,1,8,9,0,0,0,0,8339,8339,0
2022-01-03,Sunny,12,6,18,0,0,0,0,8242,8242,0
2022-01-04,Sunny,14,6,20,0,0,0,0,8098,8098,0
2022-01-05,Sunny,12,6,18,0,0,0,0,8017,8017,0
2022-01-06,Sunny,10,5,15,0,0,0,0,7945,7945,0
2022-01-07,Sunny,9,7,16,0,0,0,0,7863,7863,0
2022-01-08,Sunny,3,8,11,0,0,0,0,7828,7828,0
2022-01-09,Sunny,1,8,9,0,0,0,0,7816,7816,0
2022-01-10,Sunny,10,6,16,0,0,1,62,7715,7715,0
2022-01-11,Sunny,13,5,18,0,0,2,128,7592,7592,0
2022-01-12,Sunny,12,5,17,0,0,1,60,7470,7470,0
2022-01-13,Sunny,12,6,18,0,0,2,127,7373,7373,0
2022-01-14,Sunny,11,6,17,0,0,2,123,7261,7261,0
2022-01-15,Sunny,3,8,11,0,0,1,60,7227,7227,0
2022-01-16,Sunny,1,8,9,0,0,1,63,7206,7206,0
2022-01-17,Sunny,10,5,15,0,0,1,61,7115,7115,0
2022-01-18,Sunny,13,6,19,0,0,3,191,7002,7002,0
2022-01-19,Sunny,11,5,16,0,0,3,188,6892,6892,0
2022-01-20,Sunny,11,5,16,0,0,4,244,6788,6788,0
2022-01-21,Sunny,9,6,15,0,0,5,306,6710,6710,0
2022-01-22,Sunny,3,8,11,0,0,1,62,6675,6675,0
2022-01-23,Sunny,1,8,9,0,0,0,0,6658,6658,0
2022-01-24,Sunny,12,5,17,0,0,1,60,6550,6550,0
2022-01-25,Sunny,14,6,20,0,0,4,250,6408,6408,0
2022-01-26,Sunny,11,5,16,0,0,2,126,6304,6304,1
2022-01-27,Sunny,11,6,17,0,0,2,122,6199,6199,2
2022-01-28,Sunny,9,7,16,0,0,1,61,6133,6133,5
2022-01-29,Sunny,3,8,11,0,0,0,0,6106,6106,6
2022-01-30,Sunny,1,8,9,0,0,0,0,6090,6090,6
2022-01-31,Sunny,10,6,16,0,0,0,0,5984,5984,7
2022-02-01,Sunny,15,7,22,0,0,5,308,5867,5867,11
2022-02-02,Sunny,15,5,20,0,0,5,304,5737,5737,11
2022-02-03,Sunny,12,6,18,0,0,1,61,5646,5646,13
2022-02-04,Sunny,10,7,17,0,0,3,181,5572,5572,16
2022-02-05,Sunny,3,10,13,0,0,1,63,5537,5537,17
2022-02-06,Sunny,1,10,11,0,0,1,60,5520,5520,17
2022-02-07,Sunny,12,6,18,0,0,1,63,5421,5421,19
2022-02-08,Sunny,17,6,23,0,0,5,308,5305,5305,21
2022-02-09,Sunny,14,5,19,0,0,3,187,5213,5213,24
2022-02-10,Sunny,12,6,18,0,0,2,121,5140,5140,24
2022-02-11,Sunny,13,8,21,0,0,5,307,5048,5048,25
2022-02-12,Sunny,4,9,13,0,0,1,60,5017,5017,25
2022-02-13,Sunny,1,8,9,0,0,0,0,5006,5006,25
2022-02-14,Sunny,12,6,18,0,0,3,183,4931,4931,28
2022-02-15,Sunny,15,6,21,0,0,1,60,4856,4856,29
2022-02-16,Sunny,14,6,20,0,0,0,0,4775,4775,30
2022-02-17,Sunny,13,7,20,0,0,4,246,4718,4718,32
2022-02-18,Sunny,12,8,20,0,0,2,120,4651,4651,35
2022-02-19,Sunny,4,10,14,0,0,1,61,4636,4636,36
2022-02-20,Sunny,1,10,11,0,0,0,0,4625,4625,36
2022-02-21,Sunny,13,7,20,0,0,3,184,4552,4552,37
2022-02-22,Sunny,17,6,23,0,0,1,63,4465,4465,37
2022-02-23,Sunny,15,6,21,0,0,4,249,4402,4402,38
2022-02-24,Sunny,12,7,19,0,0,2,121,4346,4346,38
2022-02-25,Sunny,12,8,20,0,0,1,64,4275,4275,41
2022-02-26,Sunny,4,9,13,0,0,2,126,4249,4249,43
2022-02-27,Sunny,1,9,10,0,0,0,0,4235,4235,43
2022-02-28,Sunny,14,6,20,0,0,3,183,4151,4151,44
2022-03-01,Sunny,20,9,29,0,0,5,307,4027,4027,44
2022-03-02,Sunny,19,9,28,0,0,3,186,3907,3907,46
2022-03-03,Sunny,16,10,26,0,0,1,60,3835,3835,47
2022-03-04,Sunny,15,11,26,0,0,3,188,3769,3769,48
2022-03-05,Sunny,5,14,19,0,0,0,0,3742,3742,50
2022-03-06,Sunny,2,12,14,1,62,0,0,3798,3798,52
2022-03-07,Sunny,20,8,28,2,128,4,243,3821,3821,51
2022-03-08,Sunny,23,8,31,1,60,5,307,3757,3757,54
2022-03-09,Sunny,20,9,29,2,127,4,245,3800,3800,56
2022-03-10,Sunny,21,10,31,2,123,3,182,3826,3826,55
2022-03-11,Sunny,16,11,27,1,60,2,123,3813,3813,55
2022-03-12,Sunny,5,14,19,1,63,0,0,3855,3855,54
2022-03-13,Sunny,2,13,15,1,61,0,0,3908,3908,53
2022-03-14,Sunny,19,8,27,3,191,1,63,4032,4032,52
2022-03-15,Sunny,24,7,31,3,188,1,64,4104,4104,51
2022-03-16,Sunny,18,9,27,4,244,1,60,4244,4244,49
2022-03-17,Sunny,16,8,24,5,306,0,0,4477,4477,47
2022-03-18,Sunny,16,10,26,1,62,3,183,4433,4433,49
2022-03-19,Sunny,5,13,18,0,0,0,0,4401,4401,50
2022-03-20,Sunny,2,12,14,1,60,0,0,4445,4445,49
2022-03-21,Sunny,21,9,30,4,250,0,0,4611,4611,45
2022-03-22,Sunny,19,9,28,2,126,0,0,4622,4622,44
2022-03-23,Sunny,20,10,30,2,122,3,186,4599,4599,46
2022-03-24,Sunny,17,10,27,1,61,3,181,4553,4553,47
2022-03-25,Sunny,13,11,24,0,0,1,60,4455,4455,48
2022-03-26,Sunny,5,13,18,0,0,0,0,4419,4419,49
2022-03-27,Sunny,2,11,13,0,0,0,0,4398,4398,49
2022-03-28,Sunny,18,9,27,5,308,1,61,4577,4577,45
2022-03-29,Sunny,20,9,29,5,304,3,181,4716,4716,41
2022-03-30,Sunny,18,9,27,1,61,1,60,4657,4657,43
2022-03-31,Sunny,19,11,30,3,181,1,62,4706,4706,41
2022-04-01,Sunny,21,15,36,1,63,0,0,4630,4630,43
2022-04-02,Sunny,7,17,24,1,60,0,0,4618,4618,42
2022-04-03,Sunny,2,16,18,1,63,1,60,4662,4662,41
2022-04-04,Sunny,25,11,36,5,308,4,250,4798,4798,38
2022-04-05,Sunny,28,11,39,3,187,5,306,4806,4806,39
2022-04-06,Sunny,26,11,37,2,121,5,307,4713,4713,40
2022-04-07,Sunny,24,14,38,5,307,4,244,4867,4867,35
2022-04-08,Sunny,20,16,36,1,60,5,306,4766,4766,37
2022-04-09,Sunny,7,19,26,0,0,1,60,4699,4699,40
2022-04-10,Sunny,2,15,17,3,183,2,120,4858,4858,37
2022-04-11,Sunny,27,12,39,1,60,2,127,4767,4767,39
2022-04-12,Sunny,28,11,39,0,0,2,121,4574,4574,43
2022-04-13,Sunny,24,10,34,4,246,7,429,4661,4661,43
2022-04-14,Sunny,20,12,32,2,120,1,61,4651,4651,42
2022-04-15,Sunny,20,13,33,1,61,0,0,4601,4601,45
2022-04-16,Sunny,8,19,27,0,0,1,64,4524,4524,46
2022-04-17,Sunny,2,15,17,3,184,0,0,4685,4685,43
2022-04-18,Sunny,26,12,38,1,63,5,305,4605,4605,48
2022-04-19,Sunny,29,11,40,4,249,4,245,4682,4682,49
2022-04-20,Sunny,27,12,39,2,121,2,121,4697,4697,48
2022-04-21,Sunny,22,13,35,2,124,3,185,4676,4676,49
2022-04-22,Sunny,18,14,32,2,126,2,120,4692,4692,49
2022-04-23,Sunny,8,20,28,0,0,2,123,4644,4644,49
2022-04-24,Sunny,2,17,19,5,305,0,0,4935,4935,46
2022-04-25,Sunny,24,11,35,5,307,2,122,5101,5101,43
2022-04-26,Sunny,29,9,38,3,186,4,256,5130,5130,44
2022-04-27,Sunny,27,12,39,1,60,2,123,5065,5065,47
2022-04-28,Sunny,21,13,34,3,188,0,0,5148,5148,45
2022-04-29,Sunny,22,15,37,0,0,4,242,5031,5031,45
2022-04-30,Sunny,7,19,26,0,0,0,0,4999,4999,45
2022-05-01,Sunny,3,18,21,3,183,0,0,5169,5169,43
2022-05-02,Sunny,28,13,41,5,307,2,123,5347,5347,40
2022-05-03,Sunny,35,13,48,4,245,4,245,5411,5411,41
2022-05-04,Sunny,32,11,43,1,60,4,251,5299,5299,44
2022-05-05,Sunny,23,16,39,2,123,3,182,5300,5300,46
2022-05-06,Sunny,24,16,40,0,0,5,309,5174,5174,49
2022-05-07,Sunny,8,18,26,1,60,0,0,5187,5187,48
2022-05-08,Sunny,3,17,20,1,63,0,0,5234,5234,48
2022-05-09,Sunny,26,13,39,1,64,0,0,5185,5185,49
2022-05-10,Sunny,33,13,46,1,60,2,122,5097,5097,53
2022-05-11,Sunny,26,15,41,0,0,2,123,4979,4979,55
2022-05-12,Sunny,26,13,39,4,244,0,0,5108,5108,52
2022-05-13,Sunny,25,16,41,0,0,3,185,5007,5007,53
2022-05-14,Sunny,7,20,27,0,0,0,0,4976,4976,54
2022-05-15,Sunny,2,18,20,0,0,0,0,4962,4962,54
2022-05-16,Sunny,29,13,42,0,0,0,0,4830,4830,55
2022-05-17,Sunny,29,12,41,2,126,2,127,4846,4846,55
2022-05-18,Sunny,28,12,40,3,181,1,60,4905,4905,54
2022-05-19,Sunny,27,15,42,1,60,4,245,4823,4823,55
2022-05-20,Sunny,25,16,41,1,61,2,133,4766,4766,57
2022-05-21,Sunny,8,20,28,1,62,1,60,4793,4793,57
2022-05-22,Sunny,2,20,22,2,122,0,0,4898,4898,56
2022-05-23,Sunny,24,15,39,3,181,1,63,5005,5005,54
2022-05-24,Sunny,32,13,45,2,120,3,186,4966,4966,55
2022-05-25,Sunny,28,13,41,1,62,1,64,4920,4920,54
2022-05-26,Sunny,29,13,42,0,0,3,188,4776,4776,56
2022-05-27,Sunny,24,16,40,0,0,1,62,4674,4674,59
2022-05-28,Sunny,7,20,27,2,120,1,63,4746,4746,58
2022-05-29,Sunny,3,17,20,4,250,1,60,4964,4964,54
2022-05-30,Sunny,32,13,45,4,245,1,64,5029,5029,54
2022-05-31,Sunny,29,12,41,4,245,4,245,5109,5109,55
2022-06-01,Sunny,30,13,43,2,122,1,60,5066,5066,55
2022-06-02,Sunny,26,13,39,6,366,2,125,5275,5275,54
2022-06-03,Sunny,22,14,36,0,0,2,124,5161,5161,54
2022-06-04,Sunny,8,19,27,2,120,1,60,5229,5229,53
2022-06-05,Sunny,3,19,22,3,187,0,0,5385,5385,50
2022-06-06,Sunny,28,13,41,3,181,3,186,5399,5399,50
2022-06-07,Sunny,32,11,43,6,369,2,130,5607,5607,48
2022-06-08,Sunny,26,13,39,1,61,3,181,5519,5519,48
2022-06-09,Sunny,25,14,39,0,0,3,183,5398,5398,49
2022-06-10,Sunny,24,17,41,1,64,1,60,5320,5320,48
2022-06-11,Sunny,8,19,27,0,0,1,62,5255,5255,48
2022-06-12,Sunny,3,17,20,4,245,0,0,5473,5473,45
2022-06-13,Sunny,29,12,41,5,305,2,120,5589,5589,48
2022-06-14,Sunny,30,12,42,2,121,3,181,5582,5582,49
2022-06-15,Sunny,27,13,40,2,125,4,243,5555,5555,49
2022-06-16,Sunny,26,12,38,1,60,5,303,5466,5466,50
2022-06-17,Sunny,22,15,37,2,123,1,63,5472,5472,50
2022-06-18,Sunny,7,19,26,0,0,0,0,5429,5429,50
2022-06-19,Sunny,2,18,20,2,122,0,0,5522,5522,48
2022-06-20,Sunny,28,13,41,5,320,1,64,5651,5651,47
2022-06-21,Sunny,29,13,42,2,123,5,312,5594,5594,48
2022-06-22,Sunny,30,13,43,0,0,1,60,5428,5428,53
2022-06-23,Sunny,27,15,42,3,182,3,186,5445,5445,54
2022-06-24,Sunny,23,15,38,0,0,2,125,5305,5305,58
2022-06-25,Sunny,9,19,28,0,0,1,63,5248,5248,58
2022-06-26,Sunny,2,17,19,2,123,0,0,5343,5343,58
2022-06-27,Sunny,29,13,42,4,245,3,182,5458,5458,58
2022-06-28,Sunny,27,14,41,4,251,5,307,5576,5576,55
2022-06-29,Sunny,25,15,40,3,182,2,134,5640,5640,53
2022-06-30,Sunny,25,15,40,4,245,0,0,5781,5781,50
2022-07-01,Sunny,22,12,34,0,0,2,121,5686,5686,53
2022-07-02,Sunny,6,19,25,0,0,0,0,5654,5654,54
2022-07-03,Sunny,2,15,17,0,0,1,64,5628,5628,54
2022-07-04,Sunny,23,11,34,2,122,2,122,5638,5638,53
2022-07-05,Sunny,27,11,38,2,123,1,60,5624,5624,53
2022-07-06,Sunny,23,12,35,0,0,3,186,5505,5505,55
2022-07-07,Sunny,23,13,36,3,185,1,64,5566,5566,54
2022-07-08,Sunny,20,14,34,1,61,0,0,5503,5503,54
2022-07-09,Sunny,6,18,24,0,0,0,0,5459,5459,55
2022-07-10,Sunny,2,16,18,0,0,0,0,5447,5447,55
2022-07-11,Sunny,27,11,38,2,127,2,121,5456,5456,55
2022-07-12,Sunny,28,9,37,1,60,3,183,5399,5399,56
2022-07-13,Sunny,26,13,39,4,245,3,190,5493,5493,56
2022-07-14,Sunny,23,13,36,2,133,0,0,5510,5510,55
2022-07-15,Sunny,21,15,36,2,121,1,61,5473,5473,55
2022-07-16,Sunny,5,18,23,0,0,1,60,5432,5432,55
2022-07-17,Sunny,2,15,17,1,63,0,0,5482,5482,57
2022-07-18,Sunny,24,10,34,2,125,1,61,5512,5512,57
2022-07-19,Sunny,24,10,34,1,64,3,184,5473,5473,59
2022-07-20,Sunny,27,11,38,3,188,3,183,5538,5538,59
2022-07-21,Sunny,17,12,29,1,62,3,184,5508,5508,58
2022-07-22,Sunny,20,14,34,1,63,2,121,5474,5474,59
2022-07-23,Sunny,7,14,21,1,60,0,0,5508,5508,58
2022-07-24,Sunny,2,17,19,1,64,0,0,5562,5562,58
2022-07-25,Sunny,22,10,32,3,184,2,127,5642,5642,57
2022-07-26,Sunny,25,10,35,1,60,1,63,5596,5596,59
2022-07-27,Sunny,26,11,37,2,125,2,125,5608,5608,57
2022-07-28,Sunny,22,11,33,2,124,3,183,5637,5637,56
2022-07-29,Sunny,20,13,33,2,120,0,0,5668,5668,59
2022-07-30,Sunny,6,17,23,1,62,1,61,5700,5700,59
2022-07-31,Sunny,2,15,17,3,186,0,0,5862,5862,57
2022-08-01,Sunny,22,10,32,2,130,1,63,5914,5914,57
2022-08-02,Sunny,22,9,31,3,181,0,0,5984,5984,56
2022-08-03,Sunny,22,10,32,3,183,1,66,6046,6046,53
2022-08-04,Sunny,20,11,31,1,60,1,62,6024,6024,53
2022-08-05,Sunny,19,11,30,1,62,2,124,5984,5984,53
2022-08-06,Sunny,5,13,18,0,0,0,0,5949,5949,55
2022-08-07,Sunny,2,13,15,2,120,0,0,6051,6051,53
2022-08-08,Sunny,21,9,30,2,121,2,123,6029,6029,52
2022-08-09,Sunny,22,10,32,3,181,2,121,6088,6088,51
2022-08-10,Sunny,23,10,33,5,303,2,125,6244,6244,48
2022-08-11,Sunny,20,12,32,1,63,1,60,6196,6196,47
2022-08-12,Sunny,20,11,31,0,0,0,0,6080,6080,49
2022-08-13,Sunny,6,15,21,0,0,1,60,6031,6031,49
2022-08-14,Sunny,2,13,15,1,64,0,0,6073,6073,48
2022-08-15,Sunny,22,10,32,5,312,1,67,6260,6260,45
2022-08-16,Sunny,23,10,33,1,60,1,62,6162,6162,45
2022-08-17,Sunny,21,11,32,3,186,2,121,6212,6212,43
2022-08-18,Sunny,20,11,31,2,125,4,249,6167,6167,42
2022-08-19,Sunny,17,13,30,1,63,0,0,6110,6110,42
2022-08-20,Sunny,6,14,20,0,0,2,121,6045,6045,43
2022-08-21,Sunny,2,14,16,3,182,1,60,6199,6199,40
2022-08-22,Sunny,21,11,32,5,307,1,60,6372,6372,36
2022-08-23,Sunny,22,11,33,2,134,3,185,6351,6351,35
2022-08-24,Sunny,20,10,30,0,0,1,60,6220,6220,36
2022-08-25,Sunny,20,11,31,2,121,4,247,6198,6198,36
2022-08-26,Sunny,20,12,32,0,0,0,0,6088,6088,38
2022-08-27,Sunny,6,15,21,2,128,1,61,6182,6182,37
2022-08-28,Sunny,2,13,15,2,122,0,0,6286,6286,36
2022-08-29,Sunny,22,9,31,1,60,3,182,6213,6213,37
2022-08-30,Sunny,24,9,33,3,186,4,243,6251,6251,35
2022-08-31,Sunny,23,10,33,1,64,4,243,6176,6176,36
2022-09-01,Sunny,15,9,24,0,0,2,120,6080,6080,39
2022-09-02,Sunny,16,9,25,1,61,2,123,6047,6047,40
2022-09-03,Sunny,5,13,18,0,0,1,60,6016,6016,42
2022-09-04,Sunny,2,12,14,2,121,0,0,6101,6101,40
2022-09-05,Sunny,20,8,28,3,183,2,120,6169,6169,40
2022-09-06,Sunny,20,9,29,2,126,1,60,6198,6198,39
2022-09-07,Sunny,21,8,29,0,0,2,124,6090,6090,42
2022-09-08,Sunny,18,10,28,1,61,0,0,6062,6062,42
2022-09-09,Sunny,17,10,27,1,60,0,0,6050,6050,42
2022-09-10,Sunny,5,13,18,0,0,0,0,6011,6011,44
2022-09-11,Sunny,2,13,15,1,61,0,0,6051,6051,43
2022-09-12,Sunny,18,9,27,2,123,1,63,6077,6077,44
2022-09-13,Sunny,22,8,30,3,183,2,121,6141,6141,43
2022-09-14,Sunny,18,9,27,3,184,3,187,6227,6227,41
2022-09-15,Sunny,19,10,29,2,121,1,60,6253,6253,40
2022-09-16,Sunny,17,13,30,0,0,2,122,6151,6151,41
2022-09-17,Sunny,6,14,20,0,0,0,0,6119,6119,41
2022-09-18,Sunny,2,12,14,2,127,0,0,6232,6232,39
2022-09-19,Sunny,18,9,27,2,127,0,0,6274,6274,40
2022-09-20,Sunny,21,8,29,2,125,2,122,6255,6255,38
2022-09-21,Sunny,21,9,30,3,183,1,65,6314,6314,38
2022-09-22,Sunny,15,10,25,1,63,2,123,6297,6297,39
2022-09-23,Sunny,17,12,29,1,61,0,0,6263,6263,40
2022-09-24,Sunny,5,13,18,0,0,0,0,6241,6241,40
2022-09-25,Sunny,1,11,12,2,123,0,0,6355,6355,39
2022-09-26,Sunny,18,8,26,0,0,2,122,6274,6274,41
2022-09-27,Sunny,20,8,28,1,66,2,120,6249,6249,42
2022-09-28,Sunny,20,8,28,1,62,3,184,6201,6201,42
2022-09-29,Sunny,17,9,26,1,60,2,126,6186,6186,42
2022-09-30,Sunny,19,11,30,0,0,1,64,6080,6080,43
2022-10-01,Sunny,4,13,17,0,0,0,0,6051,6051,43
2022-10-02,Sunny,1,10,11,1,60,0,0,6104,6104,43
2022-10-03,Sunny,16,7,23,2,121,2,121,6153,6153,41
2022-10-04,Sunny,18,7,25,2,125,1,62,6176,6176,39
2022-10-05,Sunny,19,7,26,0,0,2,124,6064,6064,40
2022-10-06,Sunny,15,9,24,0,0,2,120,5969,5969,41
2022-10-07,Sunny,14,10,24,1,60,2,120,5971,5971,41
2022-10-08,Sunny,5,11,16,0,0,0,0,5924,5924,41
2022-10-09,Sunny,1,10,11,1,67,0,0,5985,5985,40
2022-10-10,Sunny,13,8,21,1,62,1,62,5979,5979,40
2022-10-11,Sunny,18,6,24,2,121,1,60,6001,6001,41
2022-10-12,Sunny,16,7,23,4,249,2,126,6163,6163,37
2022-10-13,Sunny,14,9,23,0,0,0,0,6105,6105,38
2022-10-14,Sunny,14,9,23,3,181,3,181,6208,6208,36
2022-10-15,Sunny,4,13,17,1,60,0,0,6233,6233,35
2022-10-16,Sunny,1,11,12,1,60,0,0,6283,6283,34
2022-10-17,Sunny,15,7,22,3,185,1,61,6356,6356,31
2022-10-18,Sunny,17,7,24,1,60,2,121,6276,6276,30
2022-10-19,Sunny,17,8,25,4,247,2,127,6416,6416,26
2022-10-20,Sunny,17,8,25,0,0,2,121,6308,6308,28
2022-10-21,Sunny,13,9,22,1,61,4,247,6281,6281,27
2022-10-22,Sunny,4,12,16,0,0,1,60,6245,6245,27
2022-10-23,Sunny,1,10,11,3,182,0,0,6415,6415,25
2022-10-24,Sunny,14,7,21,3,183,2,123,6499,6499,23
2022-10-25,Sunny,18,6,24,4,243,1,62,6617,6617,21
2022-10-26,Sunny,15,8,23,2,120,2,126,6595,6595,20
2022-10-27,Sunny,15,8,23,2,123,2,120,6589,6589,19
2022-10-28,Sunny,14,8,22,1,60,1,62,6541,6541,19
2022-10-29,Sunny,4,10,14,0,0,1,60,6490,6490,19
2022-10-30,Sunny,1,10,11,2,120,1,60,6595,6595,17
2022-10-31,Sunny,16,7,23,1,60,3,191,6506,6506,19
2022-11-01,Sunny,19,8,27,2,124,4,244,6454,6454,18
2022-11-02,Sunny,18,8,26,0,0,3,181,6307,6307,19
2022-11-03,Sunny,16,10,26,0,0,2,122,6194,6194,19
2022-11-04,Sunny,13,10,23,0,0,2,122,6100,6100,21
2022-11-05,Sunny,5,11,16,0,0,0,0,6058,6058,21
2022-11-06,Sunny,1,11,12,1,63,0,0,6103,6103,20
2022-11-07,Sunny,17,8,25,2,121,2,126,6085,6085,23
2022-11-08,Sunny,18,7,25,3,187,2,121,6117,6117,26
2022-11-09,Sunny,19,7,26,1,60,8,495,5993,5993,27
2022-11-10,Sunny,14,9,23,2,122,4,245,5988,5988,28
2022-11-11,Sunny,12,9,21,0,0,1,60,5928,5928,29
2022-11-12,Sunny,4,12,16,0,0,1,60,5905,5905,29
2022-11-13,Sunny,1,12,13,1,61,1,61,5952,5952,29
2022-11-14,Sunny,16,7,23,2,122,3,186,5933,5933,28
2022-11-15,Sunny,20,6,26,1,65,1,62,5833,5833,29
2022-11-16,Sunny,17,8,25,2,123,3,188,5829,5829,28
2022-11-17,Sunny,18,9,27,0,0,3,184,5711,5711,28
2022-11-18,Sunny,15,10,25,0,0,1,63,5588,5588,32
2022-11-19,Sunny,4,12,16,1,60,0,0,5603,5603,31
2022-11-20,Sunny,2,11,13,3,182,0,0,5766,5766,30
2022-11-21,Sunny,18,6,24,3,180,3,185,5820,5820,31
2022-11-22,Sunny,16,7,23,3,184,8,489,5884,5884,30
2022-11-23,Sunny,18,7,25,1,65,0,0,5842,5842,33
2022-11-24,Sunny,16,6,22,1,64,4,246,5809,5809,35
2022-11-25,Sunny,12,12,24,0,0,0,0,5732,5732,35
2022-11-26,Sunny,5,11,16,0,0,1,60,5701,5701,36
2022-11-27,Sunny,1,10,11,2,121,0,0,5811,5811,35
2022-11-28,Sunny,18,8,26,1,62,1,60,5752,5752,37
2022-11-29,Sunny,21,8,29,1,64,2,122,5704,5704,37
2022-11-30,Sunny,18,9,27,1,60,3,182,5663,5663,37
2022-12-01,Sunny,11,6,17,1,60,0,0,5672,5672,37
2022-12-02,Sunny,11,6,17,0,0,0,0,5610,5610,38
2022-12-03,Sunny,3,9,12,0,0,0,0,5590,5590,38
2022-12-04,Sunny,1,8,9,2,123,0,0,5697,5697,38
2022-12-05,Sunny,13,6,19,1,60,1,62,5681,5681,38
2022-12-06,Sunny,12,6,18,2,126,1,62,5735,5735,37
2022-12-07,Sunny,12,6,18,0,0,0,0,5655,5655,38
2022-12-08,Sunny,12,6,18,3,181,0,0,5779,5779,37
2022-12-09,Sunny,10,8,18,1,62,3,180,5785,5785,39
2022-12-10,Sunny,3,8,11,0,0,0,0,5771,5771,39
2022-12-11,Sunny,1,8,9,1,61,0,0,5825,5825,38
2022-12-12,Sunny,12,5,17,3,183,2,121,5942,5942,38
2022-12-13,Sunny,13,6,19,2,127,3,182,6008,6008,38
2022-12-14,Sunny,13,6,19,1,60,1,62,5980,5980,39
2022-12-15,Sunny,13,6,19,5,307,0,0,6213,6213,37
2022-12-16,Sunny,11,7,18,1,60,2,120,6188,6188,38
2022-12-17,Sunny,3,8,11,0,0,0,0,6173,6173,38
2022-12-18,Sunny,1,7,8,2,123,1,62,6281,6281,37
2022-12-19,Sunny,13,5,18,0,0,4,251,6180,6180,38
2022-12-20,Sunny,14,5,19,2,126,2,122,6219,6219,39
2022-12-21,Sunny,14,6,20,2,120,1,63,6279,6279,41
2022-12-22,Sunny,10,6,16,0,0,0,0,6233,6233,41
2022-12-23,Sunny,10,8,18,1,60,0,0,6248,6248,42
2022-12-24,Sunny,3,10,13,1,60,0,0,6288,6288,43
2022-12-25,Sunny,1,8,9,2,131,0,0,6409,6409,42
2022-12-26,Sunny,13,6,19,4,244,0,0,6605,6605,40
2022-12-27,Sunny,14,5,19,3,181,2,124,6700,6700,37
2022-12-28,Sunny,13,8,21,2,122,0,0,6738,6738,40
2022-12-29,Sunny,11,7,18,2,122,2,123,6793,6793,38
2022-12-30,Sunny,12,7,19,0,0,3,185,6703,6703,39
2022-12-31,Sunny,4,8,12,0,0,1,60,6690,6690,40
2023-01-01,Sunny,1,8,9,2,126,0,0,6807,6807,39
2023-01-02,Sunny,10,6,16,2,121,0,0,6868,6868,37
2023-01-03,Sunny,12,4,16,8,495,1,60,7300,7300,30
2023-01-04,Sunny,12,5,17,4,245,0,0,7445,7445,27
2023-01-05,Sunny,11,6,17,1,60,0,0,7442,7442,27
2023-01-06,Sunny,11,7,18,1,60,0,0,7437,7437,26
2023-01-07,Sunny,3,8,11,1,61,0,0,7472,7472,25
2023-01-08,Sunny,1,7,8,3,186,0,0,7650,7650,23
2023-01-09,Sunny,12,5,17,1,62,1,62,7612,7612,23
2023-01-10,Sunny,14,5,19,3,188,0,0,7695,7695,22
2023-01-11,Sunny,12,5,17,3,184,0,0,7806,7806,22
2023-01-12,Sunny,11,6,17,1,63,0,0,7787,7787,22
2023-01-13,Sunny,10,7,17,0,0,2,122,7697,7697,22
2023-01-14,Sunny,3,8,11,0,0,0,0,7678,7678,23
2023-01-15,Sunny,1,8,9,3,185,0,0,7847,7847,21
2023-01-16,Sunny,12,5,17,8,489,1,62,8222,8222,16
2023-01-17,Sunny,14,5,19,0,0,1,60,8127,8127,18
2023-01-18,Sunny,11,5,16,4,246,2,123,8277,8277,15
2023-01-19,Sunny,10,6,16,0,0,0,0,8222,8222,15
2023-01-20,Sunny,10,7,17,1,60,2,122,8200,8200,15
2023-01-21,Sunny,3,8,11,0,0,0,0,8179,8179,15
2023-01-22,Sunny,1,7,8,1,60,0,0,8225,8225,15
2023-01-23,Sunny,12,5,17,2,122,2,120,8251,8251,14
2023-01-24,Sunny,12,5,17,3,182,0,0,8330,8330,12
2023-01-25,Sunny,13,6,19,0,0,1,62,8215,8215,13
2023-01-26,Sunny,10,6,16,0,0,1,60,8116,8116,13
2023-01-27,Sunny,8,6,14,0,0,2,125,8071,8071,14
2023-01-28,Sunny,3,8,11,0,0,0,0,8030,8030,14
2023-01-29,Sunny,1,7,8,1,62,0,0,8075,8075,13
2023-01-30,Sunny,12,6,18,1,62,0,0,8050,8050,14
2023-01-31,Sunny,12,5,17,0,0,2,124,7964,7964,14
2023-02-01,Sunny,14,6,20,0,0,1,60,7859,7859,14
2023-02-02,Sunny,13,7,20,3,180,0,0,7912,7912,15
2023-02-03,Sunny,11,7,18,0,0,4,242,7830,7830,16
2023-02-04,Sunny,3,8,11,0,0,1,61,7797,7797,16
2023-02-05,Sunny,1,8,9,2,121,1,60,7901,7901,16
2023-02-06,Sunny,13,6,19,3,182,1,62,7977,7977,16
2023-02-07,Sunny,16,5,21,1,62,1,60,7901,7901,15
2023-02-08,Sunny,11,7,18,0,0,2,123,7802,7802,17
2023-02-09,Sunny,13,8,21,2,120,0,0,7829,7829,16
2023-02-10,Sunny,12,6,18,1,60,4,240,7792,7792,18
2023-02-11,Sunny,4,11,15,1,62,2,120,7815,7815,17
2023-02-12,Sunny,1,9,10,5,314,0,0,8107,8107,14
2023-02-13,Sunny,12,6,18,2,122,1,63,8107,8107,13
2023-02-14,Sunny,14,7,21,2,123,1,63,8125,8125,12
2023-02-15,Sunny,13,7,20,0,0,0,0,7997,7997,14
2023-02-16,Sunny,14,6,20,0,0,1,61,7891,7891,15
2023-02-17,Sunny,11,8,19,0,0,0,0,7809,7809,15
2023-02-18,Sunny,4,11,15,0,0,2,121,7784,7784,15
2023-02-19,Sunny,1,9,10,0,0,0,0,7775,7775,16
2023-02-20,Sunny,13,6,19,1,64,3,183,7747,7747,16
2023-02-21,Sunny,14,5,19,0,0,2,122,7647,7647,16
2023-02-22,Sunny,16,7,23,1,60,2,122,7608,7608,15
2023-02-23,Sunny,13,6,19,3,185,2,123,7687,7687,14
2023-02-24,Sunny,11,7,18,0,0,5,319,7585,7585,15
2023-02-25,Sunny,4,9,13,0,0,1,61,7525,7525,17
2023-02-26,Sunny,1,9,10,0,0,1,61,7509,7509,17
2023-02-27,Sunny,16,7,23,1,60,2,121,7431,7431,18
2023-02-28,Sunny,14,6,20,0,0,1,60,7341,7341,20
2023-03-01,Sunny,19,10,29,0,0,2,121,7215,7215,23
2023-03-02,Sunny,20,10,30,0,0,3,182,7047,7047,25
2023-03-03,Sunny,17,12,29,0,0,2,128,6917,6917,27
2023-03-04,Sunny,5,13,18,0,0,1,67,6876,6876,27
2023-03-05,Sunny,2,14,16,1,62,1,60,6911,6911,26
2023-03-06,Sunny,19,8,27,0,0,1,61,6801,6801,28
2023-03-07,Sunny,19,8,27,0,0,4,247,6686,6686,30
2023-03-08,Sunny,21,10,31,0,0,2,123,6524,6524,31
2023-03-09,Sunny,18,10,28,2,122,2,122,6562,6562,32
2023-03-10,Sunny,14,11,25,0,0,4,242,6466,6466,34
2023-03-11,Sunny,6,13,19,0,0,2,120,6422,6422,35
2023-03-12,Sunny,2,15,17,1,62,0,0,6457,6457,34
2023-03-13,Sunny,19,8,27,1,60,2,120,6409,6409,35
2023-03-14,Sunny,19,9,28,2,123,1,61,6429,6429,36
2023-03-15,Sunny,22,8,30,0,0,2,124,6302,6302,38
2023-03-16,Sunny,17,10,27,2,122,1,61,6360,6360,36
2023-03-17,Sunny,16,11,27,0,0,2,122,6276,6276,36
2023-03-18,Sunny,5,11,16,0,0,1,61,6237,6237,36
2023-03-19,Sunny,2,11,13,2,120,1,60,6339,6339,34
2023-03-20,Sunny,18,9,27,0,0,2,123,6230,6230,35
2023-03-21,Sunny,18,8,26,1,62,2,124,6201,6201,34
2023-03-22,Sunny,20,7,27,1,60,3,185,6165,6165,37
2023-03-23,Sunny,17,9,26,2,125,1,62,6188,6188,37
2023-03-24,Sunny,16,11,27,0,0,0,0,6079,6079,40
2023-03-25,Sunny,5,14,19,0,0,1,61,6047,6047,40
2023-03-26,Sunny,2,13,15,0,0,0,0,6030,6030,40
2023-03-27,Sunny,18,9,27,2,124,2,124,6059,6059,39
2023-03-28,Sunny,18,10,28,1,60,4,244,6031,6031,39
2023-03-29,Sunny,21,8,29,0,0,1,65,5922,5922,42
2023-03-30,Sunny,17,10,27,4,242,2,122,6052,6052,41
2023-03-31,Sunny,16,10,26,1,61,0,0,6035,6035,42
2023-04-01,Sunny,7,21,28,1,60,1,65,6034,6034,42
2023-04-02,Sunny,2,17,19,1,62,1,60,6076,6076,42
2023-04-03,Sunny,24,13,37,1,60,2,125,6002,6002,44
2023-04-04,Sunny,26,11,37,2,123,3,181,5979,5979,43
2023-04-05,Sunny,27,13,40,0,0,3,190,5821,5821,44
2023-04-06,Sunny,26,12,38,4,240,2,122,5928,5928,42
2023-04-07,Sunny,23,13,36,2,120,2,122,5906,5906,43
2023-04-08,Sunny,6,19,25,0,0,2,120,5851,5851,45
2023-04-09,Sunny,2,17,19,1,63,0,0,5897,5897,44
2023-04-10,Sunny,24,10,34,1,63,0,0,5838,5838,45
2023-04-11,Sunny,26,10,36,0,0,1,62,5706,5706,49
2023-04-12,Sunny,28,12,40,2,122,1,67,5686,5686,52
2023-04-13,Sunny,24,12,36,0,0,4,242,5539,5539,53
2023-04-14,Sunny,24,15,39,2,121,2,122,5516,5516,53
2023-04-15,Sunny,6,16,22,0,0,2,120,5471,5471,55
2023-04-16,Sunny,2,17,19,3,183,0,0,5623,5623,52
2023-04-17,Sunny,26,12,38,2,122,4,251,5591,5591,54
2023-04-18,Sunny,25,12,37,2,122,3,182,5589,5589,53
2023-04-19,Sunny,26,11,37,2,123,2,121,5589,5589,52
2023-04-20,Sunny,27,12,39,5,319,2,120,5767,5767,49
2023-04-21,Sunny,21,13,34,1,61,3,185,5706,5706,50
2023-04-22,Sunny,7,17,24,0,0,0,0,5662,5662,50
2023-04-23,Sunny,2,18,20,2,121,0,0,5755,5755,48
2023-04-24,Sunny,26,12,38,1,60,2,120,5675,5675,50
2023-04-25,Sunny,28,11,39,2,121,2,121,5637,5637,49
2023-04-26,Sunny,24,13,37,3,182,1,60,5666,5666,51
2023-04-27,Sunny,26,13,39,2,128,3,186,5643,5643,52
2023-04-28,Sunny,20,17,37,1,67,0,0,5612,5612,53
2023-04-29,Sunny,7,17,24,1,60,2,121,5624,5624,52
2023-04-30,Sunny,2,14,16,1,61,0,0,5653,5653,51
2023-05-01,Sunny,29,13,42,4,247,2,121,5748,5748,51
2023-05-02,Sunny,32,10,42,2,123,2,124,5688,5688,51
2023-05-03,Sunny,28,11,39,2,122,4,251,5663,5663,50
2023-05-04,Sunny,25,13,38,4,242,3,182,5763,5763,52
2023-05-05,Sunny,22,13,35,2,120,2,120,5739,5739,50
2023-05-06,Sunny,8,22,30,0,0,1,61,5690,5690,51
2023-05-07,Sunny,2,21,23,2,120,0,0,5777,5777,49
2023-05-08,Sunny,30,12,42,1,61,1,60,5649,5649,50
2023-05-09,Sunny,26,12,38,2,124,1,60,5639,5639,49
2023-05-10,Sunny,32,14,46,1,61,5,309,5519,5519,50
2023-05-11,Sunny,28,13,41,2,122,1,60,5506,5506,51
2023-05-12,Sunny,23,16,39,2,123,2,121,5502,5502,52
2023-05-13,Sunny,6,19,25,1,60,1,60,5530,5530,52
2023-05-14,Sunny,3,20,23,2,123,1,60,5630,5630,51
2023-05-15,Sunny,27,14,41,2,124,3,185,5633,5633,52
2023-05-16,Sunny,34,12,46,3,185,5,310,5642,5642,51
2023-05-17,Sunny,29,12,41,1,62,3,182,5531,5531,53
2023-05-18,Sunny,23,14,37,0,0,1,60,5425,5425,57
2023-05-19,Sunny,24,15,39,1,61,2,124,5355,5355,60
2023-05-20,Sunny,7,20,27,1,60,0,0,5389,5389,59
2023-05-21,Sunny,2,19,21,2,124,0,0,5493,5493,57
2023-05-22,Sunny,34,13,47,3,182,3,189,5526,5526,58
2023-05-23,Sunny,33,12,45,1,65,3,181,5460,5460,58
2023-05-24,Sunny,30,16,46,2,122,1,61,5459,5459,58
2023-05-25,Sunny,25,13,38,0,0,0,0,5344,5344,60
2023-05-26,Sunny,25,17,42,1,65,2,121,5270,5270,61
2023-05-27,Sunny,8,20,28,1,60,2,123,5283,5283,60
2023-05-28,Sunny,2,20,22,3,185,0,0,5455,5455,57
2023-05-29,Sunny,28,13,41,4,243,2,121,5588,5588,55
2023-05-30,Sunny,27,12,39,2,130,4,244,5605,5605,54
2023-05-31,Sunny,30,11,41,2,122,1,65,5586,5586,55
2023-06-01,Sunny,24,16,40,2,122,1,62,5612,5612,53
2023-06-02,Sunny,23,14,37,2,120,1,61,5634,5634,53
2023-06-03,Sunny,7,19,26,0,0,4,242,5588,5588,53
2023-06-04,Sunny,3,19,22,0,0,0,0,5561,5561,53
2023-06-05,Sunny,28,12,40,1,62,1,63,5471,5471,55
2023-06-06,Sunny,30,15,45,1,67,3,182,5414,5414,55
2023-06-07,Sunny,27,13,40,3,182,3,182,5463,5463,53
2023-06-08,Sunny,29,13,42,1,60,0,0,5384,5384,55
2023-06-09,Sunny,24,17,41,2,120,2,120,5402,5402,55
2023-06-10,Sunny,7,16,23,0,0,1,60,5373,5373,55
2023-06-11,Sunny,2,19,21,4,251,0,0,5599,5599,51
2023-06-12,Sunny,30,13,43,3,182,2,123,5605,5605,50
2023-06-13,Sunny,28,11,39,2,121,2,128,5567,5567,52
2023-06-14,Sunny,26,14,40,2,120,4,245,5516,5516,52
2023-06-15,Sunny,26,13,39,3,185,1,62,5542,5542,49
2023-06-16,Sunny,24,14,38,1,64,3,185,5429,5429,49
2023-06-17,Sunny,7,22,29,0,0,1,60,5382,5382,51
2023-06-18,Sunny,2,18,20,3,181,0,0,5541,5541,48
2023-06-19,Sunny,29,13,42,2,121,3,186,5516,5516,46
2023-06-20,Sunny,27,13,40,2,121,4,242,5504,5504,46
2023-06-21,Sunny,26,12,38,3,186,5,305,5522,5522,48
2023-06-22,Sunny,27,12,39,0,0,1,60,5386,5386,49
2023-06-23,Sunny,22,14,36,2,121,3,185,5371,5371,50
2023-06-24,Sunny,8,16,24,0,0,0,0,5317,5317,51
2023-06-25,Sunny,2,15,17,2,121,0,0,5422,5422,50
2023-06-26,Sunny,26,12,38,1,60,3,186,5341,5341,50
2023-06-27,Sunny,34,12,46,4,251,3,184,5430,5430,50
2023-06-28,Sunny,28,12,40,2,121,1,67,5402,5402,51
2023-06-29,Sunny,25,14,39,2,120,3,182,5388,5388,50
2023-06-30,Sunny,24,14,38,0,0,2,122,5254,5254,52
2023-07-01,Sunny,7,16,23,0,0,0,0,5208,5208,53
2023-07-02,Sunny,2,17,19,1,60,1,60,5250,5250,54
2023-07-03,Sunny,17,11,28,1,60,2,120,5218,5218,55
2023-07-04,Sunny,27,11,38,5,309,3,181,5397,5397,53
2023-07-05,Sunny,24,10,34,1,60,1,63,5326,5326,54
2023-07-06,Sunny,20,13,33,2,121,3,186,5310,5310,55
2023-07-07,Sunny,21,16,37,1,60,1,62,5262,5262,56
2023-07-08,Sunny,6,22,28,1,60,0,0,5278,5278,55
2023-07-09,Sunny,2,16,18,3,185,0,0,5448,5448,52
2023-07-10,Sunny,19,11,30,6,370,3,182,5693,5693,48
2023-07-11,Sunny,29,11,40,3,182,4,244,5701,5701,46
2023-07-12,Sunny,25,11,36,1,60,3,185,5606,5606,47
2023-07-13,Sunny,26,11,37,2,124,1,60,5538,5538,48
2023-07-14,Sunny,20,14,34,1,60,2,124,5468,5468,51
2023-07-15,Sunny,6,18,24,0,0,1,63,5427,5427,51
2023-07-16,Sunny,2,16,18,3,189,0,0,5597,5597,48
2023-07-17,Sunny,19,12,31,3,181,4,246,5669,5669,48
2023-07-18,Sunny,28,9,37,1,61,5,309,5570,5570,49
2023-07-19,Sunny,25,10,35,0,0,3,188,5436,5436,50
2023-07-20,Sunny,22,12,34,1,61,3,185,5371,5371,50
2023-07-21,Sunny,23,15,38,2,123,0,0,5369,5369,51
2023-07-22,Sunny,6,16,22,1,62,1,62,5387,5387,53
2023-07-23,Sunny,2,18,20,2,121,0,0,5491,5491,52
2023-07-24,Sunny,28,11,39,4,244,0,0,5594,5594,50
2023-07-25,Sunny,24,11,35,1,65,3,181,5521,5521,52
2023-07-26,Sunny,24,10,34,1,62,3,184,5469,5469,58
2023-07-27,Sunny,24,11,35,1,61,3,184,5417,5417,59
2023-07-28,Sunny,22,14,36,4,242,1,61,5518,5518,56
2023-07-29,Sunny,6,16,22,0,0,0,0,5482,5482,57
2023-07-30,Sunny,2,15,17,1,63,0,0,5531,5531,57
2023-07-31,Sunny,24,11,35,3,182,2,120,5576,5576,56
2023-08-01,Sunny,21,9,30,2,120,4,247,5608,5608,55
2023-08-02,Sunny,22,10,32,0,0,2,120,5482,5482,58
2023-08-03,Sunny,22,11,33,1,60,1,61,5436,5436,57
2023-08-04,Sunny,17,13,30,1,60,1,60,5406,5406,59
2023-08-05,Sunny,6,15,21,0,0,1,60,5379,5379,60
2023-08-06,Sunny,2,14,16,2,123,0,0,5490,5490,59
2023-08-07,Sunny,22,9,31,2,128,1,62,5544,5544,60
2023-08-08,Sunny,24,10,34,4,245,1,61,5711,5711,57
2023-08-09,Sunny,22,9,31,1,62,2,122,5677,5677,58
2023-08-10,Sunny,21,9,30,4,245,0,0,5853,5853,57
2023-08-11,Sunny,16,12,28,2,120,0,0,5907,5907,56
2023-08-12,Sunny,5,15,20,0,0,0,0,5864,5864,56
2023-08-13,Sunny,2,13,15,4,246,0,0,6096,6096,53
2023-08-14,Sunny,19,9,28,4,242,0,0,6274,6274,53
2023-08-15,Sunny,25,10,35,5,305,1,61,6437,6437,49
2023-08-16,Sunny,20,8,28,1,60,0,0,6408,6408,51
2023-08-17,Sunny,19,11,30,3,185,1,60,6488,6488,49
2023-08-18,Sunny,21,12,33,0,0,1,60,6376,6376,51
2023-08-19,Sunny,6,15,21,0,0,1,60,6334,6334,52
2023-08-20,Sunny,2,13,15,2,126,0,0,6448,6448,50
2023-08-21,Sunny,20,9,29,3,186,0,0,6507,6507,48
2023-08-22,Sunny,22,10,32,1,67,0,0,6458,6458,47
2023-08-23,Sunny,24,11,35,2,122,0,0,6441,6441,46
2023-08-24,Sunny,19,11,30,2,122,2,120,6469,6469,45
2023-08-25,Sunny,18,12,30,0,0,1,63,6356,6356,45
2023-08-26,Sunny,6,14,20,1,60,0,0,6394,6394,44
2023-08-27,Sunny,2,13,15,2,120,0,0,6499,6499,43
2023-08-28,Sunny,20,9,29,3,181,3,183,6557,6557,42
2023-08-29,Sunny,24,10,34,1,63,7,435,6489,6489,42
2023-08-30,Sunny,19,9,28,3,186,1,60,6540,6540,40
2023-08-31,Sunny,21,10,31,0,0,3,190,6422,6422,40
2023-09-01,Sunny,17,11,28,1,60,0,0,6365,6365,43
2023-09-02,Sunny,6,13,19,1,60,1,60,6378,6378,43
2023-09-03,Sunny,2,14,16,3,182,1,60,6544,6544,40
2023-09-04,Sunny,21,8,29,4,244,3,186,6642,6642,37
2023-09-05,Sunny,20,8,28,4,247,0,0,6757,6757,35
2023-09-06,Sunny,19,10,29,1,60,2,124,6718,6718,36
2023-09-07,Sunny,19,9,28,2,124,3,183,6744,6744,34
2023-09-08,Sunny,17,13,30,1,63,4,247,6697,6697,35
2023-09-09,Sunny,6,13,19,0,0,1,60,6653,6653,36
2023-09-10,Sunny,2,14,16,4,246,0,0,6872,6872,32
2023-09-11,Sunny,21,8,29,4,249,4,246,6969,6969,30
2023-09-12,Sunny,19,8,27,2,128,1,61,6950,6950,30
2023-09-13,Sunny,21,8,29,3,185,1,60,6984,6984,30
2023-09-14,Sunny,19,10,29,1,60,5,310,6927,6927,31
2023-09-15,Sunny,18,10,28,0,0,3,181,6810,6810,31
2023-09-16,Sunny,5,12,17,1,60,0,0,6813,6813,31
2023-09-17,Sunny,1,13,14,1,61,0,0,6863,6863,31
2023-09-18,Sunny,20,8,28,3,181,2,120,6896,6896,29
2023-09-19,Sunny,19,10,29,3,184,2,121,6950,6950,26
2023-09-20,Sunny,23,9,32,3,184,2,124,6956,6956,25
2023-09-21,Sunny,17,10,27,1,61,1,62,6882,6882,27
2023-09-22,Sunny,18,12,30,0,0,1,60,6758,6758,31
2023-09-23,Sunny,5,14,19,0,0,0,0,6728,6728,31
2023-09-24,Sunny,1,13,14,1,60,0,0,6767,6767,30
2023-09-25,Sunny,17,8,25,4,247,2,122,6885,6885,28
2023-09-26,Sunny,21,8,29,1,60,2,122,6801,6801,28
2023-09-27,Sunny,18,10,28,0,0,1,63,6691,6691,29
2023-09-28,Sunny,18,10,28,1,60,0,0,6644,6644,29
2023-09-29,Sunny,18,10,28,2,121,1,63,6642,6642,27
2023-09-30,Sunny,5,14,19,0,0,1,61,6602,6602,28
2023-10-01,Sunny,1,11,12,1,62,0,0,6650,6650,27
2023-10-02,Sunny,15,7,22,1,61,1,62,6584,6584,29
2023-10-03,Sunny,17,7,24,2,122,6,368,6569,6569,29
2023-10-04,Sunny,15,7,22,0,0,1,60,6455,6455,29
2023-10-05,Sunny,14,7,21,0,0,1,61,6393,6393,30
2023-10-06,Sunny,16,9,25,0,0,0,0,6324,6324,30
2023-10-07,Sunny,4,11,15,0,0,1,60,6290,6290,30
2023-10-08,Sunny,1,12,13,0,0,0,0,6268,6268,31
2023-10-09,Sunny,15,7,22,0,0,0,0,6191,6191,32
2023-10-10,Sunny,18,7,25,0,0,5,309,6082,6082,33
2023-10-11,Sunny,14,7,21,1,60,1,60,6052,6052,34
2023-10-12,Sunny,13,10,23,2,120,2,121,6098,6098,34
2023-10-13,Sunny,13,8,21,2,124,0,0,6133,6133,35
2023-10-14,Sunny,4,11,15,0,0,1,61,6091,6091,36
2023-10-15,Sunny,2,11,13,0,0,1,63,6072,6072,36
2023-10-16,Sunny,15,7,22,0,0,2,121,5977,5977,38
2023-10-17,Sunny,18,7,25,0,0,0,0,5861,5861,40
2023-10-18,Sunny,18,8,26,2,120,2,121,5893,5893,40
2023-10-19,Sunny,15,8,23,2,125,2,123,5930,5930,40
2023-10-20,Sunny,11,9,20,0,0,2,123,5868,5868,40
2023-10-21,Sunny,4,10,14,1,60,0,0,5884,5884,42
2023-10-22,Sunny,1,9,10,2,123,1,60,5997,5997,40
2023-10-23,Sunny,16,8,24,6,371,2,124,6246,6246,37
2023-10-24,Sunny,17,8,25,1,60,0,0,6215,6215,38
2023-10-25,Sunny,16,7,23,3,190,7,431,6307,6307,37
2023-10-26,Sunny,14,8,22,0,0,2,120,6222,6222,37
2023-10-27,Sunny,11,9,20,1,60,0,0,6225,6225,38
2023-10-28,Sunny,4,11,15,1,60,2,121,6253,6253,37
2023-10-29,Sunny,1,11,12,2,124,0,0,6354,6354,36
2023-10-30,Sunny,15,8,23,0,0,1,60,6267,6267,38
2023-10-31,Sunny,17,7,24,1,64,3,183,6232,6232,39
2023-11-01,Sunny,17,7,24,3,183,1,60,6311,6311,39
2023-11-02,Sunny,15,9,24,4,247,1,61,6465,6465,37
2023-11-03,Sunny,15,9,24,1,60,0,0,6449,6449,37
2023-11-04,Sunny,4,12,16,0,0,0,0,6426,6426,38
2023-11-05,Sunny,2,11,13,4,246,4,242,6652,6652,35
2023-11-06,Sunny,16,7,23,1,61,2,122,6587,6587,35
2023-11-07,Sunny,20,8,28,1,60,2,120,6515,6515,36
2023-11-08,Sunny,17,7,24,5,310,1,60,6700,6700,33
2023-11-09,Sunny,16,9,25,3,181,3,184,6766,6766,33
2023-11-10,Sunny,15,10,25,0,0,0,0,6691,6691,35
2023-11-11,Sunny,5,13,18,0,0,1,61,6651,6651,36
2023-11-12,Sunny,2,11,13,2,120,1,60,6752,6752,34
2023-11-13,Sunny,14,8,22,2,121,1,61,6779,6779,32
2023-11-14,Sunny,18,6,24,2,124,2,123,6774,6774,32
2023-11-15,Sunny,18,8,26,1,62,2,122,6702,6702,33
2023-11-16,Sunny,17,7,24,1,60,1,61,6677,6677,32
2023-11-17,Sunny,14,10,24,2,122,0,0,6708,6708,33
2023-11-18,Sunny,4,12,16,0,0,2,123,6668,6668,34
2023-11-19,Sunny,1,11,12,2,122,0,0,6776,6776,32
2023-11-20,Sunny,16,7,23,2,122,2,126,6798,6798,30
2023-11-21,Sunny,17,6,23,1,63,3,187,6752,6752,30
2023-11-22,Sunny,17,7,24,0,0,2,126,6647,6647,33
2023-11-23,Sunny,15,8,23,1,63,0,0,6605,6605,33
2023-11-24,Sunny,15,9,24,1,61,4,246,6596,6596,34
2023-11-25,Sunny,5,11,16,1,60,0,0,6621,6621,35
2023-11-26,Sunny,1,11,12,1,62,0,0,6668,6668,34
2023-11-27,Sunny,16,7,23,4,246,3,184,6805,6805,32
2023-11-28,Sunny,18,7,25,1,60,0,0,6755,6755,33
2023-11-29,Sunny,19,9,28,1,61,2,122,6707,6707,33
2023-11-30,Sunny,16,7,23,1,61,1,60,6662,6662,33
2023-12-01,Sunny,11,7,18,1,60,2,127,6647,6647,32
2023-12-02,Sunny,3,8,11,0,0,0,0,6623,6623,32
2023-12-03,Sunny,1,9,10,0,0,1,60,6608,6608,32
2023-12-04,Sunny,13,6,19,5,309,2,120,6823,6823,31
2023-12-05,Sunny,13,5,18,0,0,1,65,6738,6738,32
2023-12-06,Sunny,13,6,19,2,121,2,121,6779,6779,33
2023-12-07,Sunny,13,6,19,0,0,0,0,6710,6710,33
2023-12-08,Sunny,11,8,19,1,61,0,0,6689,6689,32
2023-12-09,Sunny,3,8,11,1,63,0,0,6735,6735,31
2023-12-10,Sunny,1,8,9,1,60,0,0,6784,6784,30
2023-12-11,Sunny,11,6,17,0,0,2,120,6712,6712,33
2023-12-12,Sunny,13,5,18,2,121,0,0,6757,6757,33
2023-12-13,Sunny,12,6,18,2,123,0,0,6832,6832,32
2023-12-14,Sunny,11,6,17,2,123,0,0,6895,6895,30
2023-12-15,Sunny,10,7,17,0,0,0,0,6828,6828,30
2023-12-16,Sunny,3,9,12,1,60,0,0,6860,6860,30
2023-12-17,Sunny,1,8,9,2,124,2,122,6968,6968,28
2023-12-18,Sunny,12,5,17,0,0,3,182,6902,6902,28
2023-12-19,Sunny,15,7,22,7,431,0,0,7247,7247,22
2023-12-20,Sunny,15,7,22,2,120,0,0,7274,7274,20
2023-12-21,Sunny,10,7,17,0,0,0,0,7199,7199,22
2023-12-22,Sunny,11,7,18,2,121,1,65,7238,7238,20
2023-12-23,Sunny,4,8,12,0,0,1,62,7197,7197,20
2023-12-24,Sunny,1,9,10,1,60,0,0,7237,7237,21
2023-12-25,Sunny,11,5,16,3,183,0,0,7345,7345,21
2023-12-26,Sunny,13,5,18,2,121,5,302,7373,7373,21
2023-12-27,Sunny,14,6,20,1,61,3,184,7347,7347,22
2023-12-28,Sunny,11,6,17,0,0,4,241,7279,7279,22
2023-12-29,Sunny,10,6,16,0,0,0,0,7183,7183,23
2023-12-30,Sunny,3,8,11,4,242,0,0,7403,7403,23
2023-12-31,Sunny,1,9,10,2,122,0,0,7513,7513,22
2024-01-01,Sunny,12,5,17,2,120,1,63,7532,7532,20
2024-01-02,Sunny,13,5,18,1,60,1,62,7503,7503,21
2024-01-03,Sunny,13,5,18,3,184,3,183,7592,7592,19
2024-01-04,Sunny,11,6,17,0,0,1,62,7524,7524,19
2024-01-05,Sunny,10,7,17,0,0,1,62,7451,7451,20
2024-01-06,Sunny,3,9,12,1,60,0,0,7485,7485,19
2024-01-07,Sunny,1,7,8,1,61,0,0,7534,7534,18
2024-01-08,Sunny,11,5,16,2,123,0,0,7576,7576,18
2024-01-09,Sunny,14,5,19,2,122,1,63,7601,7601,19
2024-01-10,Sunny,12,6,18,1,61,1,60,7579,7579,20
2024-01-11,Sunny,10,6,16,0,0,1,60,7514,7514,21
2024-01-12,Sunny,9,7,16,2,123,3,183,7573,7573,21
2024-01-13,Sunny,3,8,11,0,0,1,60,7537,7537,22
2024-01-14,Sunny,1,7,8,2,126,1,61,7650,7650,20
2024-01-15,Sunny,9,6,15,3,187,1,61,7764,7764,19
2024-01-16,Sunny,12,5,17,2,126,1,60,7807,7807,18
2024-01-17,Sunny,13,5,18,0,0,2,124,7671,7671,21
2024-01-18,Sunny,11,6,17,4,246,1,60,7818,7818,20
2024-01-19,Sunny,10,6,16,0,0,1,60,7732,7732,20
2024-01-20,Sunny,4,9,13,1,60,0,0,7759,7759,21
2024-01-21,Sunny,1,7,8,3,184,0,0,7916,7916,19
2024-01-22,Sunny,11,5,16,0,0,2,123,7844,7844,19
2024-01-23,Sunny,13,5,18,2,122,1,61,7844,7844,19
2024-01-24,Sunny,13,6,19,1,60,3,186,7801,7801,21
2024-01-25,Sunny,11,6,17,2,127,2,121,7850,7850,20
2024-01-26,Sunny,10,6,16,0,0,1,62,7776,7776,21
2024-01-27,Sunny,3,8,11,1,60,0,0,7808,7808,21
2024-01-28,Sunny,1,8,9,2,120,0,0,7901,7901,19
2024-01-29,Sunny,12,6,18,1,65,2,128,7880,7880,18
2024-01-30,Sunny,13,6,19,1,61,4,244,7820,7820,17
2024-01-31,Sunny,12,5,17,1,62,1,62,7785,7785,17
2024-02-01,Sunny,14,7,21,0,0,3,182,7693,7693,18
2024-02-02,Sunny,10,9,19,0,0,0,0,7609,7609,19
2024-02-03,Sunny,4,9,13,0,0,0,0,7571,7571,20
2024-02-04,Sunny,1,10,11,2,120,0,0,7677,7677,18
2024-02-05,Sunny,12,6,18,0,0,1,63,7593,7593,19
2024-02-06,Sunny,14,6,20,0,0,2,125,7472,7472,23
2024-02-07,Sunny,15,6,21,0,0,1,61,7373,7373,24
2024-02-08,Sunny,15,7,22,0,0,2,122,7280,7280,24
2024-02-09,Sunny,12,8,20,1,60,1,61,7226,7226,26
2024-02-10,Sunny,4,10,14,1,60,2,122,7251,7251,26
2024-02-11,Sunny,1,10,11,3,182,0,0,7416,7416,23
2024-02-12,Sunny,15,6,21,0,0,1,61,7304,7304,23
2024-02-13,Sunny,14,7,21,0,0,0,0,7225,7225,25
2024-02-14,Sunny,15,7,22,0,0,0,0,7127,7127,27
2024-02-15,Sunny,12,7,19,1,65,2,124,7137,7137,27
2024-02-16,Sunny,11,7,18,1,62,2,124,7138,7138,27
2024-02-17,Sunny,4,10,14,0,0,0,0,7113,7113,27
2024-02-18,Sunny,1,9,10,0,0,0,0,7100,7100,27
2024-02-19,Sunny,10,6,16,5,304,1,61,7337,7337,25
2024-02-20,Sunny,14,7,21,3,184,2,124,7402,7402,24
2024-02-21,Sunny,16,6,22,4,241,0,0,7543,7543,22
2024-02-22,Sunny,12,7,19,0,0,1,67,7460,7460,24
2024-02-23,Sunny,11,7,18,0,0,0,0,7375,7375,25
2024-02-24,Sunny,3,9,12,0,0,0,0,7355,7355,25
2024-02-25,Sunny,1,9,10,1,63,0,0,7407,7407,24
2024-02-26,Sunny,12,5,17,2,123,2,125,7467,7467,24
2024-02-27,Sunny,15,6,21,3,183,3,186,7538,7538,24
2024-02-28,Sunny,13,7,20,1,62,1,62,7503,7503,25
2024-02-29,Sunny,15,6,21,0,0,3,184,7401,7401,26
2024-03-01,Sunny,16,12,28,0,0,1,61,7288,7288,27
2024-03-02,Sunny,5,14,19,0,0,0,0,7248,7248,28
2024-03-03,Sunny,1,13,14,1,60,0,0,7294,7294,29
2024-03-04,Sunny,18,8,26,1,63,4,247,7246,7246,29
2024-03-05,Sunny,19,8,27,1,60,3,185,7208,7208,29
2024-03-06,Sunny,21,9,30,1,60,2,126,7142,7142,29
2024-03-07,Sunny,19,9,28,2,122,3,183,7125,7125,31
2024-03-08,Sunny,15,9,24,1,60,1,60,7070,7070,31
2024-03-09,Sunny,5,13,18,1,61,0,0,7082,7082,31
2024-03-10,Sunny,2,13,15,1,61,0,0,7125,7125,30
2024-03-11,Sunny,19,9,28,1,60,6,371,7020,7020,29
2024-03-12,Sunny,21,8,29,2,124,0,0,7029,7029,29
2024-03-13,Sunny,19,10,29,0,0,2,129,6932,6932,32
2024-03-14,Sunny,16,10,26,1,60,0,0,6909,6909,31
2024-03-15,Sunny,17,11,28,1,61,1,61,6889,6889,32
2024-03-16,Sunny,5,13,18,0,0,1,60,6829,6829,32
2024-03-17,Sunny,1,11,12,2,123,0,0,6942,6942,30
2024-03-18,Sunny,18,8,26,1,61,2,122,6907,6907,31
2024-03-19,Sunny,21,8,29,3,186,1,62,6955,6955,30
2024-03-20,Sunny,20,8,28,2,121,1,62,6940,6940,29
2024-03-21,Sunny,18,9,27,1,62,2,121,6883,6883,30
2024-03-22,Sunny,16,10,26,0,0,4,242,6789,6789,31
2024-03-23,Sunny,5,13,18,0,0,0,0,6759,6759,32
2024-03-24,Sunny,2,12,14,2,128,0,0,6866,6866,30
2024-03-25,Sunny,16,9,25,3,183,1,60,6957,6957,32
2024-03-26,Sunny,21,9,30,1,62,6,365,6868,6868,31
2024-03-27,Sunny,18,9,27,3,182,5,301,6940,6940,30
2024-03-28,Sunny,19,10,29,0,0,1,61,6836,6836,31
2024-03-29,Sunny,15,10,25,0,0,0,0,6754,6754,32
2024-03-30,Sunny,5,14,19,0,0,1,61,6706,6706,32
2024-03-31,Sunny,2,13,15,1,63,0,0,6745,6745,31
2024-04-01,Sunny,25,13,38,2,125,3,182,6692,6692,31
2024-04-02,Sunny,30,14,44,1,61,3,180,6574,6574,32
2024-04-03,Sunny,22,11,33,2,122,4,243,6533,6533,31
2024-04-04,Sunny,25,13,38,1,61,3,183,6409,6409,37
2024-04-05,Sunny,25,15,40,2,122,0,0,6364,6364,38
2024-04-06,Sunny,7,18,25,0,0,0,0,6316,6316,41
2024-04-07,Sunny,2,17,19,1,61,1,60,6350,6350,42
2024-04-08,Sunny,27,12,39,0,0,1,60,6199,6199,44
2024-04-09,Sunny,28,10,38,0,0,4,249,6050,6050,46
2024-04-10,Sunny,26,12,38,2,124,5,306,6017,6017,45
2024-04-11,Sunny,25,13,38,2,124,3,186,5986,5986,45
2024-04-12,Sunny,23,14,37,0,0,3,190,5824,5824,46
2024-04-13,Sunny,5,17,22,0,0,0,0,5784,5784,46
2024-04-14,Sunny,2,18,20,2,122,0,0,5885,5885,44
2024-04-15,Sunny,25,10,35,2,124,3,191,5849,5849,45
2024-04-16,Sunny,30,11,41,0,0,4,246,5695,5695,50
2024-04-17,Sunny,25,10,35,1,67,4,248,5633,5633,51
2024-04-18,Sunny,22,14,36,0,0,1,60,5522,5522,57
2024-04-19,Sunny,21,14,35,0,0,3,190,5401,5401,59
2024-04-20,Sunny,6,17,23,0,0,1,60,5360,5360,61
2024-04-21,Sunny,2,18,20,2,125,0,0,5470,5470,59
2024-04-22,Sunny,24,11,35,4,246,0,0,5612,5612,58
2024-04-23,Sunny,29,12,41,1,62,2,120,5495,5495,58
2024-04-24,Sunny,28,11,39,2,123,4,244,5465,5465,58
2024-04-25,Sunny,25,13,38,1,61,3,180,5385,5385,59
2024-04-26,Sunny,19,13,32,0,0,1,61,5301,5301,61
2024-04-27,Sunny,7,18,25,0,0,0,0,5266,5266,62
2024-04-28,Sunny,2,18,20,4,247,1,60,5492,5492,59
2024-04-29,Sunny,25,12,37,3,185,1,60,5568,5568,57
2024-04-30,Sunny,24,12,36,2,126,2,125,5559,5559,58
2024-05-01,Sunny,26,13,39,3,183,0,0,5619,5619,58
2024-05-02,Sunny,24,12,36,0,0,3,186,5497,5497,59
2024-05-03,Sunny,25,18,43,0,0,0,0,5363,5363,61
2024-05-04,Sunny,7,19,26,0,0,1,61,5340,5340,62
2024-05-05,Sunny,3,17,20,6,371,0,0,5690,5690,59
2024-05-06,Sunny,25,13,38,0,0,0,0,5577,5577,62
2024-05-07,Sunny,34,12,46,2,129,3,191,5593,5593,61
2024-05-08,Sunny,31,13,44,0,0,0,0,5484,5484,62
2024-05-09,Sunny,26,14,40,1,61,1,60,5420,5420,64
2024-05-10,Sunny,27,17,44,1,60,2,122,5354,5354,63
2024-05-11,Sunny,8,20,28,1,60,1,60,5375,5375,62
2024-05-12,Sunny,3,19,22,3,183,1,61,5526,5526,60
2024-05-13,Sunny,27,13,40,1,62,0,0,5453,5453,61
2024-05-14,Sunny,28,13,41,1,62,3,186,5372,5372,60
2024-05-15,Sunny,29,13,42,2,121,2,123,5360,5360,63
2024-05-16,Sunny,28,13,41,4,242,6,366,5461,5461,66
2024-05-17,Sunny,23,19,42,0,0,1,60,5346,5346,67
2024-05-18,Sunny,8,18,26,0,0,0,0,5302,5302,67
2024-05-19,Sunny,3,21,24,1,60,1,60,5339,5339,66
2024-05-20,Sunny,26,14,40,6,365,1,60,5594,5594,61
2024-05-21,Sunny,30,14,44,4,241,2,122,5680,5680,59
2024-05-22,Sunny,31,14,45,0,0,1,63,5527,5527,61
2024-05-23,Sunny,27,14,41,0,0,2,123,5396,5396,63
2024-05-24,Sunny,26,15,41,1,61,3,187,5354,5354,62
2024-05-25,Sunny,8,18,26,0,0,1,62,5296,5296,62
2024-05-26,Sunny,3,15,18,4,245,1,60,5503,5503,58
2024-05-27,Sunny,27,12,39,3,180,3,183,5554,5554,57
2024-05-28,Sunny,31,14,45,4,243,1,62,5619,5619,56
2024-05-29,Sunny,27,13,40,3,183,3,183,5654,5654,53
2024-05-30,Sunny,27,15,42,0,0,6,367,5508,5508,53
2024-05-31,Sunny,25,16,41,1,60,1,61,5449,5449,57
2024-06-01,Sunny,7,19,26,1,60,0,0,5469,5469,57
2024-06-02,Sunny,2,18,20,1,60,0,0,5498,5498,56
2024-06-03,Sunny,26,12,38,4,249,3,186,5625,5625,53
2024-06-04,Sunny,25,13,38,5,306,4,244,5784,5784,50
2024-06-05,Sunny,26,15,41,2,123,0,0,5769,5769,49
2024-06-06,Sunny,25,12,37,3,190,1,61,5802,5802,47
2024-06-07,Sunny,21,15,36,0,0,4,244,5709,5709,50
2024-06-08,Sunny,8,19,27,0,0,1,61,5652,5652,51
2024-06-09,Sunny,2,15,17,3,191,0,0,5824,5824,48
2024-06-10,Sunny,24,13,37,3,186,6,365,5858,5858,46
2024-06-11,Sunny,33,13,46,4,248,3,193,5903,5903,45
2024-06-12,Sunny,32,13,45,1,60,2,121,5796,5796,45
2024-06-13,Sunny,26,16,42,3,190,2,122,5856,5856,43
2024-06-14,Sunny,26,16,42,1,60,2,125,5751,5751,46
2024-06-15,Sunny,7,19,26,0,0,1,60,5689,5689,46
2024-06-16,Sunny,2,17,19,0,0,2,121,5673,5673,47
2024-06-17,Sunny,25,12,37,2,120,1,60,5669,5669,46
2024-06-18,Sunny,28,13,41,4,244,2,121,5726,5726,47
2024-06-19,Sunny,30,13,43,3,180,2,123,5742,5742,48
2024-06-20,Sunny,24,13,37,1,61,2,122,5682,5682,48
2024-06-21,Sunny,24,15,39,0,0,2,131,5540,5540,49
2024-06-22,Sunny,8,20,28,1,60,3,180,5563,5563,49
2024-06-23,Sunny,2,18,20,1,60,1,60,5600,5600,49
2024-06-24,Sunny,23,11,34,2,125,3,181,5586,5586,47
2024-06-25,Sunny,29,11,40,0,0,2,120,5461,5461,47
2024-06-26,Sunny,30,12,42,3,186,0,0,5472,5472,46
2024-06-27,Sunny,25,14,39,0,0,1,60,5369,5369,52
2024-06-28,Sunny,27,17,44,1,61,0,0,5274,5274,53
2024-06-29,Sunny,8,20,28,0,0,0,0,5217,5217,53
2024-06-30,Sunny,2,16,18,0,0,1,61,5193,5193,53
2024-07-01,Sunny,24,10,34,3,191,2,124,5276,5276,51
2024-07-02,Sunny,26,10,36,0,0,2,122,5153,5153,52
2024-07-03,Sunny,25,13,38,1,60,2,122,5102,5102,54
2024-07-04,Sunny,24,10,34,2,122,4,244,5111,5111,53
2024-07-05,Sunny,21,16,37,1,60,2,122,5032,5032,54
2024-07-06,Sunny,6,18,24,1,61,0,0,5046,5046,55
2024-07-07,Sunny,2,17,19,1,62,0,0,5085,5085,55
2024-07-08,Sunny,24,11,35,3,186,2,126,5139,5139,62
2024-07-09,Sunny,28,12,40,2,123,0,0,5127,5127,63
2024-07-10,Sunny,25,11,36,7,426,4,244,5448,5448,58
2024-07-11,Sunny,23,12,35,2,120,0,0,5470,5470,61
2024-07-12,Sunny,19,14,33,1,62,2,120,5452,5452,63
2024-07-13,Sunny,6,14,20,1,60,0,0,5479,5479,63
2024-07-14,Sunny,2,17,19,1,60,0,0,5525,5525,62
2024-07-15,Sunny,25,11,36,2,122,4,243,5564,5564,60
2024-07-16,Sunny,25,11,36,1,63,1,61,5543,5543,59
2024-07-17,Sunny,27,13,40,1,61,2,121,5503,5503,59
2024-07-18,Sunny,23,12,35,3,187,3,188,5565,5565,58
2024-07-19,Sunny,19,16,35,1,62,2,124,5513,5513,58
2024-07-20,Sunny,6,15,21,0,0,1,60,5469,5469,58
2024-07-21,Sunny,2,16,18,2,123,1,63,5568,5568,56
2024-07-22,Sunny,25,12,37,0,0,0,0,5456,5456,59
2024-07-23,Sunny,24,11,35,3,183,2,124,5505,5505,57
2024-07-24,Sunny,22,11,33,6,367,1,63,5757,5757,53
2024-07-25,Sunny,22,12,34,2,121,3,182,5764,5764,51
2024-07-26,Sunny,19,13,32,0,0,3,181,5667,5667,52
2024-07-27,Sunny,7,19,26,0,0,0,0,5608,5608,53
2024-07-28,Sunny,2,18,20,4,247,0,0,5830,5830,49
2024-07-29,Sunny,23,11,34,4,244,1,60,5976,5976,46
2024-07-30,Sunny,25,10,35,0,0,0,0,5865,5865,48
2024-07-31,Sunny,26,10,36,1,61,2,120,5786,5786,47
2024-08-01,Sunny,17,10,27,4,244,1,61,5932,5932,43
2024-08-02,Sunny,19,13,32,1,61,2,122,5874,5874,43
2024-08-03,Sunny,6,16,22,0,0,2,121,5830,5830,43
2024-08-04,Sunny,2,13,15,5,305,0,0,6105,6105,38
2024-08-05,Sunny,19,9,28,3,193,1,61,6170,6170,38
2024-08-06,Sunny,23,10,33,2,121,0,0,6144,6144,37
2024-08-07,Sunny,19,11,30,1,61,2,131,6084,6084,36
2024-08-08,Sunny,20,9,29,2,125,2,124,6069,6069,36
2024-08-09,Sunny,18,11,29,1,60,2,122,6003,6003,36
2024-08-10,Sunny,6,15,21,2,121,1,60,6090,6090,35
2024-08-11,Sunny,2,13,15,1,60,1,60,6129,6129,37
2024-08-12,Sunny,23,10,33,2,121,3,187,6080,6080,39
2024-08-13,Sunny,25,9,34,2,123,2,127,6044,6044,37
2024-08-14,Sunny,21,7,28,2,122,4,248,6034,6034,37
2024-08-15,Sunny,19,10,29,3,191,1,60,6090,6090,35
2024-08-16,Sunny,18,12,30,3,180,2,123,6157,6157,33
2024-08-17,Sunny,5,12,17,1,60,0,0,6173,6173,34
2024-08-18,Sunny,2,13,15,3,181,1,60,6330,6330,31
2024-08-19,Sunny,19,10,29,2,120,0,0,6335,6335,36
2024-08-20,Sunny,21,10,31,0,0,1,66,6243,6243,40
2024-08-21,Sunny,21,11,32,1,60,5,324,6140,6140,43
2024-08-22,Sunny,18,10,28,0,0,1,62,6029,6029,45
2024-08-23,Sunny,16,12,28,0,0,1,64,5930,5930,45
2024-08-24,Sunny,5,15,20,1,61,0,0,5958,5958,44
2024-08-25,Sunny,2,12,14,1,64,3,185,5992,5992,43
2024-08-26,Sunny,17,10,27,2,122,1,61,6021,6021,43
2024-08-27,Sunny,23,9,32,2,122,3,183,5989,5989,44
2024-08-28,Sunny,19,10,29,4,244,3,188,6098,6098,42
2024-08-29,Sunny,19,10,29,2,122,4,247,6103,6103,41
2024-08-30,Sunny,19,13,32,0,0,1,60,5986,5986,42
2024-08-31,Sunny,6,15,21,0,0,0,0,5960,5960,42
2024-09-01,Sunny,2,14,16,2,126,0,0,6074,6074,41
2024-09-02,Sunny,21,9,30,0,0,1,60,5914,5914,42
2024-09-03,Sunny,19,8,27,4,244,2,128,6032,6032,43
2024-09-04,Sunny,18,9,27,0,0,0,0,5932,5932,43
2024-09-05,Sunny,20,9,29,2,120,1,63,5939,5939,46
2024-09-06,Sunny,16,12,28,1,64,0,0,5915,5915,47
2024-09-07,Sunny,5,15,20,0,0,0,0,5883,5883,47
2024-09-08,Sunny,2,13,15,4,243,0,0,6099,6099,44
2024-09-09,Sunny,18,10,28,1,61,1,60,6074,6074,44
2024-09-10,Sunny,24,8,32,2,121,5,306,6062,6062,45
2024-09-11,Sunny,18,9,27,3,188,3,184,6132,6132,45
2024-09-12,Sunny,18,10,28,2,124,0,0,6146,6146,46
2024-09-13,Sunny,17,11,28,1,60,0,0,6127,6127,46
2024-09-14,Sunny,5,13,18,1,63,1,60,6151,6151,45
2024-09-15,Sunny,2,12,14,0,0,1,60,6136,6136,45
2024-09-16,Sunny,18,9,27,1,60,2,122,6115,6115,45
2024-09-17,Sunny,22,8,30,1,63,0,0,6070,6070,45
2024-09-18,Sunny,19,8,27,3,182,1,62,6145,6145,45
2024-09-19,Sunny,16,9,25,3,181,0,0,6236,6236,43
2024-09-20,Sunny,16,11,27,0,0,2,120,6139,6139,43
2024-09-21,Sunny,6,14,20,0,0,1,62,6083,6083,44
2024-09-22,Sunny,2,12,14,1,60,3,183,6127,6127,43
2024-09-23,Sunny,21,8,29,0,0,0,0,6025,6025,46
2024-09-24,Sunny,20,9,29,3,180,3,190,6092,6092,47
2024-09-25,Sunny,20,11,31,1,61,2,125,6042,6042,46
2024-09-26,Sunny,17,8,25,2,122,3,188,6042,6042,44
2024-09-27,Sunny,14,12,26,2,121,1,60,6082,6082,42
2024-09-28,Sunny,5,12,17,0,0,1,60,6064,6064,42
2024-09-29,Sunny,2,13,15,1,61,0,0,6110,6110,41
2024-09-30,Sunny,20,10,30,0,0,3,188,6008,6008,43
2024-10-01,Sunny,18,7,25,2,131,2,122,6037,6037,43
2024-10-02,Sunny,16,6,22,2,124,3,184,6055,6055,46
2024-10-03,Sunny,16,9,25,2,122,0,0,6056,6056,44
2024-10-04,Sunny,10,8,18,0,0,1,61,6018,6018,45
2024-10-05,Sunny,4,11,15,1,60,0,0,6051,6051,44
2024-10-06,Sunny,1,12,13,3,187,0,0,6224,6224,41
2024-10-07,Sunny,14,8,22,2,127,1,61,6264,6264,39
2024-10-08,Sunny,20,7,27,4,248,3,182,6392,6392,37
2024-10-09,Sunny,17,7,24,1,60,2,120,6364,6364,38
2024-10-10,Sunny,16,8,24,2,123,3,182,6391,6391,37
2024-10-11,Sunny,14,10,24,1,60,1,60,6381,6381,38
2024-10-12,Sunny,4,13,17,1,60,1,60,6412,6412,37
2024-10-13,Sunny,1,10,11,1,60,0,0,6460,6460,38
2024-10-14,Sunny,15,8,23,1,66,2,124,6454,6454,38
2024-10-15,Sunny,16,7,23,5,324,1,60,6673,6673,34
2024-10-16,Sunny,17,8,25,1,62,2,122,6632,6632,34
2024-10-17,Sunny,15,7,22,1,64,2,120,6601,6601,38
2024-10-18,Sunny,13,8,21,1,65,0,0,6592,6592,38
2024-10-19,Sunny,5,10,15,3,185,1,60,6744,6744,35
2024-10-20,Sunny,1,9,10,1,61,0,0,6788,6788,34
2024-10-21,Sunny,17,7,24,2,123,0,0,6818,6818,32
2024-10-22,Sunny,18,8,26,3,188,2,121,6899,6899,29
2024-10-23,Sunny,16,6,22,3,187,2,122,6972,6972,29
2024-10-24,Sunny,17,9,26,1,60,0,0,6917,6917,29
2024-10-25,Sunny,16,10,26,0,0,1,60,6810,6810,31
2024-10-26,Sunny,4,13,17,0,0,1,61,6775,6775,32
2024-10-27,Sunny,1,12,13,1,60,0,0,6822,6822,31
2024-10-28,Sunny,15,7,22,1,63,2,124,6786,6786,30
2024-10-29,Sunny,17,7,24,0,0,2,125,6663,6663,30
2024-10-30,Sunny,14,6,20,1,63,1,61,6639,6639,29
2024-10-31,Sunny,15,7,22,0,0,1,60,6550,6550,30
2024-11-01,Sunny,16,11,27,0,0,1,62,6453,6453,30
2024-11-02,Sunny,5,12,17,0,0,1,61,6416,6416,31
2024-11-03,Sunny,2,11,13,1,60,0,0,6455,6455,30
2024-11-04,Sunny,17,8,25,5,306,1,61,6641,6641,27
2024-11-05,Sunny,17,8,25,3,184,1,62,6713,6713,24
2024-11-06,Sunny,19,8,27,0,0,4,246,6577,6577,26
2024-11-07,Sunny,15,8,23,0,0,3,184,6463,6463,31
2024-11-08,Sunny,14,11,25,1,60,1,64,6425,6425,33
2024-11-09,Sunny,3,12,15,1,60,0,0,6456,6456,33
2024-11-10,Sunny,1,12,13,2,122,0,0,6559,6559,31
2024-11-11,Sunny,16,7,23,0,0,0,0,6452,6452,32
2024-11-12,Sunny,16,8,24,1,62,2,120,6394,6394,31
2024-11-13,Sunny,18,8,26,0,0,1,60,6281,6281,31
2024-11-14,Sunny,17,8,25,2,120,1,62,6316,6316,29
2024-11-15,Sunny,14,10,24,1,62,1,62,6243,6243,28
2024-11-16,Sunny,4,10,14,3,183,1,63,6398,6398,27
2024-11-17,Sunny,1,10,11,0,0,0,0,6385,6385,27
2024-11-18,Sunny,17,7,24,3,190,2,121,6440,6440,29
2024-11-19,Sunny,18,8,26,2,125,3,181,6452,6452,30
2024-11-20,Sunny,16,8,24,3,188,5,304,6532,6532,28
2024-11-21,Sunny,15,8,23,1,60,2,121,6494,6494,27
2024-11-22,Sunny,15,9,24,1,60,4,250,6434,6434,28
2024-11-23,Sunny,5,11,16,0,0,1,61,6399,6399,28
2024-11-24,Sunny,2,10,12,3,188,1,61,6559,6559,26
2024-11-25,Sunny,18,6,24,2,122,3,184,6528,6528,26
2024-11-26,Sunny,21,8,29,3,184,3,187,6541,6541,26
2024-11-27,Sunny,18,8,26,0,0,0,0,6410,6410,28
2024-11-28,Sunny,15,9,24,1,61,2,122,6370,6370,27
2024-11-29,Sunny,14,10,24,0,0,3,181,6278,6278,28
2024-11-30,Sunny,4,12,16,0,0,0,0,6235,6235,28
2024-12-01,Sunny,1,8,9,1,61,0,0,6283,6283,28
2024-12-02,Sunny,11,6,17,3,182,1,60,6384,6384,28
2024-12-03,Sunny,13,5,18,3,180,3,182,6440,6440,28
2024-12-04,Sunny,14,7,21,3,182,0,0,6518,6518,28
2024-12-05,Sunny,12,6,18,1,60,1,61,6514,6514,27
2024-12-06,Sunny,9,8,17,1,60,0,0,6512,6512,27
2024-12-07,Sunny,3,10,13,0,0,0,0,6473,6473,27
2024-12-08,Sunny,1,8,9,2,124,0,0,6585,6585,26
2024-12-09,Sunny,13,6,19,1,60,1,63,6550,6550,26
2024-12-10,Sunny,12,6,18,2,122,1,60,6587,6587,25
2024-12-11,Sunny,13,6,19,2,120,3,185,6591,6591,25
2024-12-12,Sunny,12,6,18,0,0,1,60,6527,6527,26
2024-12-13,Sunny,11,8,19,0,0,2,120,6437,6437,27
2024-12-14,Sunny,3,10,13,0,0,0,0,6415,6415,27
2024-12-15,Sunny,1,9,10,0,0,0,0,6398,6398,27
2024-12-16,Sunny,13,5,18,2,121,2,122,6429,6429,29
2024-12-17,Sunny,15,6,21,2,122,2,120,6462,6462,29
2024-12-18,Sunny,15,6,21,0,0,2,120,6353,6353,30
2024-12-19,Sunny,13,6,19,1,60,0,0,6351,6351,31
2024-12-20,Sunny,12,7,19,1,61,2,122,6339,6339,32
2024-12-21,Sunny,4,9,13,1,62,3,185,6364,6364,32
2024-12-22,Sunny,1,10,11,2,124,0,0,6479,6479,30
2024-12-23,Sunny,12,5,17,2,125,2,120,6545,6545,29
2024-12-24,Sunny,14,5,19,1,61,2,122,6517,6517,29
2024-12-25,Sunny,15,6,21,1,60,3,180,6470,6470,31
2024-12-26,Sunny,12,6,18,1,62,1,60,6468,6468,32
2024-12-27,Sunny,11,8,19,1,61,2,121,6457,6457,32
2024-12-28,Sunny,4,9,13,0,0,0,0,6429,6429,32
2024-12-29,Sunny,1,7,8,1,61,1,60,6478,6478,31
2024-12-30,Sunny,13,5,18,1,62,2,120,6456,6456,30
2024-12-31,Sunny,13,5,18,3,184,1,60,6532,6532,28
2025-01-01,Sunny,10,5,15,3,184,0,0,6642,6642,26
2025-01-02,Sunny,11,6,17,1,64,4,243,6620,6620,26
2025-01-03,Sunny,10,7,17,0,0,1,60,6529,6529,27
2025-01-04,Sunny,3,8,11,1,61,0,0,6563,6563,27
2025-01-05,Sunny,1,8,9,0,0,0,0,6550,6550,27
2025-01-06,Sunny,10,6,16,2,120,0,0,6586,6586,25
2025-01-07,Sunny,13,5,18,2,121,1,64,6604,6604,27
2025-01-08,Sunny,12,6,18,1,62,2,124,6579,6579,27
2025-01-09,Sunny,11,6,17,2,123,0,0,6639,6639,27
2025-01-10,Sunny,10,7,17,1,63,1,62,6642,6642,28
2025-01-11,Sunny,3,8,11,0,0,0,0,6614,6614,29
2025-01-12,Sunny,1,8,9,2,121,0,0,6718,6718,27
2025-01-13,Sunny,11,5,16,3,181,0,0,6836,6836,27
2025-01-14,Sunny,13,5,18,4,243,0,0,6971,6971,26
2025-01-15,Sunny,12,6,18,2,121,2,121,7005,7005,29
2025-01-16,Sunny,12,5,17,4,250,1,60,7174,7174,27
2025-01-17,Sunny,10,7,17,0,0,1,61,7092,7092,28
2025-01-18,Sunny,3,9,12,1,61,0,0,7124,7124,27
2025-01-19,Sunny,1,7,8,2,123,0,0,7234,7234,25
2025-01-20,Sunny,11,6,17,3,187,1,62,7325,7325,25
2025-01-21,Sunny,11,5,16,0,0,0,0,7248,7248,26
2025-01-22,Sunny,11,6,17,2,122,0,0,7279,7279,26
2025-01-23,Sunny,12,7,19,3,181,1,60,7359,7359,23
2025-01-24,Sunny,10,8,18,0,0,2,121,7275,7275,23
2025-01-25,Sunny,3,9,12,0,0,1,60,7252,7252,23
2025-01-26,Sunny,1,8,9,1,60,0,0,7301,7301,22
2025-01-27,Sunny,11,6,17,3,182,3,183,7390,7390,21
2025-01-28,Sunny,13,5,18,0,0,3,182,7315,7315,22
2025-01-29,Sunny,12,5,17,1,61,1,61,7298,7298,22
2025-01-30,Sunny,10,5,15,0,0,1,62,7221,7221,23
2025-01-31,Sunny,12,6,18,0,0,1,60,7129,7129,23
2025-02-01,Sunny,3,8,11,1,60,1,60,7171,7171,24
2025-02-02,Sunny,1,9,10,1,63,0,0,7219,7219,23
2025-02-03,Sunny,13,6,19,1,60,1,61,7187,7187,22
2025-02-04,Sunny,13,6,19,3,185,2,125,7257,7257,20
2025-02-05,Sunny,14,6,20,1,60,0,0,7207,7207,21
2025-02-06,Sunny,13,6,19,2,120,0,0,7231,7231,22
2025-02-07,Sunny,13,7,20,1,62,1,60,7205,7205,26
2025-02-08,Sunny,3,9,12,0,0,0,0,7192,7192,26
2025-02-09,Sunny,1,8,9,2,122,1,60,7296,7296,24
2025-02-10,Sunny,12,5,17,2,120,3,184,7343,7343,24
2025-02-11,Sunny,14,6,20,1,60,0,0,7304,7304,23
2025-02-12,Sunny,13,7,20,0,0,3,180,7213,7213,24
2025-02-13,Sunny,11,6,17,2,122,1,60,7269,7269,22
2025-02-14,Sunny,14,8,22,3,185,2,121,7355,7355,22
2025-02-15,Sunny,4,10,14,0,0,2,120,7327,7327,22
2025-02-16,Sunny,1,9,10,2,120,1,60,7434,7434,20
2025-02-17,Sunny,13,5,18,1,60,3,182,7401,7401,19
2025-02-18,Sunny,13,6,19,3,180,1,62,7487,7487,19
2025-02-19,Sunny,15,7,22,1,60,3,186,7439,7439,19
2025-02-20,Sunny,12,7,19,2,121,4,241,7464,7464,18
2025-02-21,Sunny,13,8,21,0,0,1,61,7368,7368,20
2025-02-22,Sunny,4,11,15,1,60,0,0,7380,7380,19
2025-02-23,Sunny,1,9,10,2,120,1,60,7486,7486,18
2025-02-24,Sunny,15,7,22,2,122,3,182,7490,7490,18
2025-02-25,Sunny,13,7,20,0,0,2,121,7408,7408,22
2025-02-26,Sunny,13,7,20,4,243,0,0,7560,7560,19
2025-02-27,Sunny,14,7,21,1,60,3,184,7527,7527,19
2025-02-28,Sunny,12,7,19,0,0,2,122,7445,7445,19
2025-03-01,Sunny,5,13,18,0,0,0,0,7391,7391,19
2025-03-02,Sunny,2,12,14,1,60,0,0,7416,7416,19
2025-03-03,Sunny,19,8,27,1,64,1,61,7329,7329,22
2025-03-04,Sunny,21,9,30,2,124,2,127,7301,7301,21
2025-03-05,Sunny,20,9,29,0,0,1,61,7157,7157,22
2025-03-06,Sunny,18,9,27,0,0,1,61,7034,7034,24
2025-03-07,Sunny,17,11,28,0,0,4,248,6897,6897,25
2025-03-08,Sunny,6,13,19,0,0,0,0,6848,6848,25
2025-03-09,Sunny,2,12,14,0,0,0,0,6829,6829,25
2025-03-10,Sunny,20,9,29,0,0,6,371,6703,6703,26
2025-03-11,Sunny,20,10,30,2,121,4,246,6664,6664,26
2025-03-12,Sunny,22,9,31,0,0,2,121,6509,6509,30
2025-03-13,Sunny,16,9,25,2,121,2,123,6516,6516,29
2025-03-14,Sunny,16,11,27,0,0,4,242,6422,6422,30
2025-03-15,Sunny,6,13,19,0,0,0,0,6380,6380,31
2025-03-16,Sunny,2,13,15,1,62,0,0,6415,6415,30
2025-03-17,Sunny,20,9,29,1,60,1,60,6377,6377,30
2025-03-18,Sunny,20,9,29,0,0,0,0,6255,6255,32
2025-03-19,Sunny,21,9,30,1,60,4,246,6198,6198,32
2025-03-20,Sunny,20,9,29,2,121,1,64,6215,6215,31
2025-03-21,Sunny,15,10,25,1,60,1,60,6204,6204,34
2025-03-22,Sunny,5,14,19,0,0,0,0,6162,6162,34
2025-03-23,Sunny,2,13,15,2,123,2,123,6256,6256,32
2025-03-24,Sunny,20,8,28,3,182,1,62,6332,6332,32
2025-03-25,Sunny,22,8,30,1,61,1,60,6234,6234,33
2025-03-26,Sunny,21,7,28,1,62,8,488,6156,6156,36
2025-03-27,Sunny,16,9,25,0,0,1,60,6082,6082,37
2025-03-28,Sunny,18,11,29,1,60,1,62,6034,6034,37
2025-03-29,Sunny,5,13,18,0,0,0,0,5996,5996,38
2025-03-30,Sunny,2,13,15,2,121,1,60,6104,6104,37
2025-03-31,Sunny,20,9,29,2,125,0,0,6133,6133,36
2025-04-01,Sunny,23,11,34,0,0,1,62,6001,6001,38
2025-04-02,Sunny,27,13,40,1,60,3,189,5904,5904,41
2025-04-03,Sunny,25,12,37,1,60,2,124,5828,5828,41
2025-04-04,Sunny,22,14,36,0,0,3,182,5715,5715,43
2025-04-05,Sunny,8,18,26,1,60,0,0,5724,5724,44
2025-04-06,Sunny,2,18,20,3,184,0,0,5880,5880,41
2025-04-07,Sunny,22,12,34,0,0,1,61,5715,5715,41
2025-04-08,Sunny,23,11,34,3,180,3,185,5770,5770,40
2025-04-09,Sunny,26,11,37,1,60,3,181,5685,5685,44
2025-04-10,Sunny,22,10,32,2,121,1,63,5706,5706,45
2025-04-11,Sunny,24,14,38,2,120,3,180,5673,5673,46
2025-04-12,Sunny,6,18,24,0,0,0,0,5623,5623,46
2025-04-13,Sunny,2,15,17,3,182,0,0,5788,5788,44
2025-04-14,Sunny,24,13,37,2,123,3,182,5792,5792,45
2025-04-15,Sunny,26,12,38,3,186,3,188,5853,5853,46
2025-04-16,Sunny,22,12,34,4,241,3,181,5967,5967,46
2025-04-17,Sunny,25,12,37,1,61,2,120,5887,5887,49
2025-04-18,Sunny,21,14,35,0,0,2,122,5789,5789,50
2025-04-19,Sunny,8,21,29,0,0,1,61,5740,5740,51
2025-04-20,Sunny,2,15,17,3,182,1,60,5894,5894,50
2025-04-21,Sunny,29,11,40,3,182,3,189,5921,5921,50
2025-04-22,Sunny,26,14,40,0,0,0,0,5774,5774,52
2025-04-23,Sunny,25,12,37,3,184,3,187,5822,5822,51
2025-04-24,Sunny,24,13,37,1,61,3,183,5715,5715,52
2025-04-25,Sunny,21,12,33,0,0,1,61,5615,5615,53
2025-04-26,Sunny,7,18,25,0,0,1,60,5568,5568,53
2025-04-27,Sunny,2,14,16,1,61,0,0,5617,5617,52
2025-04-28,Sunny,23,10,33,2,127,1,61,5641,5641,52
2025-04-29,Sunny,30,12,42,1,61,2,128,5538,5538,52
2025-04-30,Sunny,25,12,37,1,61,1,61,5498,5498,53
2025-05-01,Sunny,22,13,35,3,187,0,0,5588,5588,52
2025-05-02,Sunny,23,15,38,0,0,5,317,5477,5477,53
2025-05-03,Sunny,7,16,23,0,0,1,62,5430,5430,53
2025-05-04,Sunny,3,19,22,6,371,0,0,5772,5772,48
2025-05-05,Sunny,27,12,39,4,246,2,122,5850,5850,48
2025-05-06,Sunny,34,15,49,2,121,2,125,5799,5799,50
2025-05-07,Sunny,34,13,47,2,123,4,244,5748,5748,49
2025-05-08,Sunny,28,15,43,4,242,2,122,5841,5841,47
2025-05-09,Sunny,26,14,40,0,0,2,126,5688,5688,50
2025-05-10,Sunny,8,19,27,1,61,1,61,5690,5690,51
2025-05-11,Sunny,3,16,19,1,60,0,0,5722,5722,52
2025-05-12,Sunny,28,14,42,0,0,4,245,5557,5557,54
2025-05-13,Sunny,31,15,46,4,246,4,249,5627,5627,52
2025-05-14,Sunny,34,13,47,1,64,1,61,5524,5524,55
2025-05-15,Sunny,26,13,39,1,60,3,185,5482,5482,55
2025-05-16,Sunny,22,18,40,0,0,2,123,5395,5395,55
2025-05-17,Sunny,8,19,27,2,123,1,61,5470,5470,53
2025-05-18,Sunny,3,17,20,1,62,0,0,5514,5514,52
2025-05-19,Sunny,30,13,43,1,60,1,60,5442,5442,52
2025-05-20,Sunny,33,14,47,7,427,1,64,5692,5692,50
2025-05-21,Sunny,29,14,43,1,60,2,127,5583,5583,53
2025-05-22,Sunny,29,13,42,1,62,2,122,5516,5516,53
2025-05-23,Sunny,21,15,36,1,61,2,122,5489,5489,56
2025-05-24,Sunny,8,19,27,1,60,0,0,5504,5504,56
2025-05-25,Sunny,2,19,21,0,0,1,60,5478,5478,56
2025-05-26,Sunny,29,13,42,1,62,2,120,5408,5408,56
2025-05-27,Sunny,30,13,43,3,189,1,63,5469,5469,55
2025-05-28,Sunny,24,15,39,2,124,1,60,5456,5456,55
2025-05-29,Sunny,26,15,41,3,182,3,181,5496,5496,54
2025-05-30,Sunny,22,19,41,0,0,2,123,5350,5350,56
2025-05-31,Sunny,7,23,30,0,0,2,122,5315,5315,57
2025-06-01,Sunny,2,15,17,1,61,0,0,5357,5357,56
2025-06-02,Sunny,26,12,38,2,124,4,246,5343,5343,55
2025-06-03,Sunny,31,12,43,3,181,2,123,5391,5391,54
2025-06-04,Sunny,27,12,39,1,63,3,187,5327,5327,57
2025-06-05,Sunny,26,15,41,3,180,3,186,5375,5375,56
2025-06-06,Sunny,24,15,39,0,0,1,60,5257,5257,58
2025-06-07,Sunny,7,19,26,1,62,1,60,5266,5266,58
2025-06-08,Sunny,3,21,24,3,182,0,0,5418,5418,55
2025-06-09,Sunny,27,11,38,3,188,0,0,5454,5454,54
2025-06-10,Sunny,31,13,44,3,181,4,248,5465,5465,52
2025-06-11,Sunny,25,13,38,2,120,0,0,5464,5464,54
2025-06-12,Sunny,28,15,43,2,122,3,183,5461,5461,55
2025-06-13,Sunny,22,15,37,1,61,4,244,5423,5423,55
2025-06-14,Sunny,8,21,29,1,60,1,60,5438,5438,54
2025-06-15,Sunny,3,18,21,3,189,1,61,5610,5610,52
2025-06-16,Sunny,26,12,38,0,0,0,0,5470,5470,54
2025-06-17,Sunny,31,14,45,2,125,4,248,5450,5450,53
2025-06-18,Sunny,28,12,40,3,183,1,60,5509,5509,51
2025-06-19,Sunny,23,13,36,1,61,3,183,5430,5430,52
2025-06-20,Sunny,26,17,43,1,60,2,128,5367,5367,53
2025-06-21,Sunny,7,16,23,0,0,2,121,5318,5318,53
2025-06-22,Sunny,2,15,17,1,61,0,0,5364,5364,53
2025-06-23,Sunny,27,12,39,2,128,2,121,5364,5364,51
2025-06-24,Sunny,34,11,45,1,61,2,125,5234,5234,53
2025-06-25,Sunny,32,13,45,0,0,1,60,5082,5082,56
2025-06-26,Sunny,27,13,40,5,317,3,184,5260,5260,55
2025-06-27,Sunny,24,15,39,1,62,2,123,5164,5164,55
2025-06-28,Sunny,8,22,30,0,0,0,0,5123,5123,56
2025-06-29,Sunny,2,18,20,2,122,0,0,5225,5225,54
2025-06-30,Sunny,29,13,42,2,125,4,246,5214,5214,55
2025-07-01,Sunny,26,11,37,4,244,1,61,5324,5324,54
2025-07-02,Sunny,25,12,37,2,122,0,0,5339,5339,54
2025-07-03,Sunny,26,13,39,2,126,3,185,5322,5322,54
2025-07-04,Sunny,21,15,36,1,61,3,184,5285,5285,55
2025-07-05,Sunny,7,17,24,0,0,0,0,5253,5253,56
2025-07-06,Sunny,2,16,18,5,305,0,0,5540,5540,52
2025-07-07,Sunny,20,12,32,4,249,3,185,5672,5672,48
2025-07-08,Sunny,28,11,39,1,61,5,306,5567,5567,49
2025-07-09,Sunny,26,12,38,3,185,4,245,5601,5601,47
2025-07-10,Sunny,25,10,35,2,123,6,365,5565,5565,47
2025-07-11,Sunny,20,12,32,1,61,2,121,5531,5531,47
2025-07-12,Sunny,6,16,22,1,60,0,0,5545,5545,47
2025-07-13,Sunny,2,16,18,1,60,1,60,5578,5578,46
2025-07-14,Sunny,25,11,36,1,64,2,121,5522,5522,45
2025-07-15,Sunny,24,10,34,3,188,1,62,5602,5602,48
2025-07-16,Sunny,27,11,38,1,62,3,185,5526,5526,50
2025-07-17,Sunny,21,12,33,2,122,0,0,5537,5537,51
2025-07-18,Sunny,23,13,36,0,0,1,66,5438,5438,52
2025-07-19,Sunny,7,15,22,2,123,1,60,5511,5511,52
2025-07-20,Sunny,2,17,19,2,120,0,0,5612,5612,50
2025-07-21,Sunny,25,11,36,1,63,1,67,5556,5556,49
2025-07-22,Sunny,25,9,34,1,60,2,127,5483,5483,49
2025-07-23,Sunny,23,12,35,3,181,1,60,5549,5549,48
2025-07-24,Sunny,19,12,31,2,123,4,246,5549,5549,48
2025-07-25,Sunny,21,14,35,1,61,1,62,5490,5490,52
2025-07-26,Sunny,7,17,24,0,0,1,60,5452,5452,52
2025-07-27,Sunny,2,15,17,4,246,0,0,5670,5670,49
2025-07-28,Sunny,27,11,38,2,123,2,125,5653,5653,50
2025-07-29,Sunny,22,10,32,2,124,3,184,5660,5660,53
2025-07-30,Sunny,25,11,36,3,186,1,60,5729,5729,52
2025-07-31,Sunny,24,13,37,1,60,0,0,5653,5653,53
2025-08-01,Sunny,19,11,30,1,60,1,60,5627,5627,55
2025-08-02,Sunny,6,15,21,0,0,0,0,5597,5597,55
2025-08-03,Sunny,2,14,16,0,0,0,0,5578,5578,55
2025-08-04,Sunny,20,10,30,4,248,0,0,5753,5753,52
2025-08-05,Sunny,20,9,29,0,0,2,122,5669,5669,52
2025-08-06,Sunny,23,10,33,3,183,1,61,5735,5735,51
2025-08-07,Sunny,20,10,30,4,244,0,0,5880,5880,48
2025-08-08,Sunny,20,10,30,1,60,1,61,5821,5821,48
2025-08-09,Sunny,6,14,20,1,61,0,0,5853,5853,48
2025-08-10,Sunny,2,11,13,0,0,0,0,5843,5843,48
2025-08-11,Sunny,21,10,31,3,188,3,184,5923,5923,46
2025-08-12,Sunny,22,10,32,1,60,0,0,5868,5868,45
2025-08-13,Sunny,24,11,35,3,183,4,247,5918,5918,44
2025-08-14,Sunny,21,10,31,2,128,2,126,5922,5922,45
2025-08-15,Sunny,17,12,29,2,121,2,125,5942,5942,43
2025-08-16,Sunny,6,15,21,0,0,0,0,5890,5890,43
2025-08-17,Sunny,2,15,17,2,121,1,60,6000,6000,41
2025-08-18,Sunny,21,9,30,2,125,0,0,5996,5996,39
2025-08-19,Sunny,23,9,32,1,60,7,432,5886,5886,39
2025-08-20,Sunny,23,10,33,3,184,1,60,5920,5920,41
2025-08-21,Sunny,21,10,31,2,123,0,0,5908,5908,43
2025-08-22,Sunny,18,10,28,1,62,2,128,5851,5851,45
2025-08-23,Sunny,5,11,16,1,62,0,0,5869,5869,47
2025-08-24,Sunny,2,14,16,4,246,0,0,6096,6096,43
2025-08-25,Sunny,22,10,32,1,61,3,190,6031,6031,42
2025-08-26,Sunny,24,10,34,0,0,5,303,5884,5884,42
2025-08-27,Sunny,20,10,30,3,185,0,0,5951,5951,44
2025-08-28,Sunny,22,10,32,3,184,2,125,6029,6029,42
2025-08-29,Sunny,18,12,30,0,0,2,124,5915,5915,43
2025-08-30,Sunny,6,14,20,0,0,0,0,5869,5869,43
2025-08-31,Sunny,2,13,15,3,185,2,121,6035,6035,40
2025-09-01,Sunny,18,7,25,4,244,2,125,6150,6150,38
2025-09-02,Sunny,20,8,28,3,183,3,189,6196,6196,40
2025-09-03,Sunny,18,9,27,6,365,2,128,6450,6450,37
2025-09-04,Sunny,19,10,29,3,188,1,60,6515,6515,36
2025-09-05,Sunny,15,11,26,0,0,1,61,6425,6425,37
2025-09-06,Sunny,6,12,18,1,60,1,61,6449,6449,36
2025-09-07,Sunny,2,12,14,2,121,0,0,6552,6552,36
2025-09-08,Sunny,21,9,30,1,62,3,185,6496,6496,37
2025-09-09,Sunny,19,9,28,3,185,1,60,6565,6565,36
2025-09-10,Sunny,20,9,29,0,0,2,120,6462,6462,36
2025-09-11,Sunny,17,9,26,1,66,2,124,6411,6411,37
2025-09-12,Sunny,17,10,27,1,60,1,60,6399,6399,38
2025-09-13,Sunny,6,12,18,1,60,0,0,6421,6421,38
2025-09-14,Sunny,2,12,14,0,0,0,0,6406,6406,39
2025-09-15,Sunny,19,9,28,2,127,2,122,6450,6450,38
2025-09-16,Sunny,19,9,28,1,60,2,120,6364,6364,37
2025-09-17,Sunny,21,10,31,4,246,1,60,6524,6524,36
2025-09-18,Sunny,19,10,29,1,62,1,60,6460,6460,37
2025-09-19,Sunny,16,11,27,1,60,3,184,6408,6408,36
2025-09-20,Sunny,5,12,17,0,0,1,61,6378,6378,38
2025-09-21,Sunny,2,12,14,2,125,1,60,6478,6478,36
2025-09-22,Sunny,18,8,26,3,184,1,63,6558,6558,36
2025-09-23,Sunny,19,8,27,0,0,2,123,6420,6420,36
2025-09-24,Sunny,21,8,29,0,0,2,121,6288,6288,38
2025-09-25,Sunny,17,10,27,1,60,1,64,6241,6241,37
2025-09-26,Sunny,16,13,29,0,0,4,246,6139,6139,39
2025-09-27,Sunny,5,14,19,0,0,1,60,6083,6083,39
2025-09-28,Sunny,2,13,15,0,0,1,61,6070,6070,39
2025-09-29,Sunny,16,10,26,2,122,1,60,6093,6093,37
2025-09-30,Sunny,21,8,29,1,61,3,183,6032,6032,40
2025-10-01,Sunny,17,8,25,0,0,0,0,5950,5950,43
2025-10-02,Sunny,15,8,23,1,61,1,61,5911,5911,42
2025-10-03,Sunny,13,9,22,0,0,0,0,5823,5823,42
2025-10-04,Sunny,4,10,14,0,0,0,0,5800,5800,42
2025-10-05,Sunny,1,10,11,3,184,0,0,5973,5973,41
2025-10-06,Sunny,19,7,26,0,0,1,60,5881,5881,42
2025-10-07,Sunny,17,8,25,4,247,3,180,6029,6029,40
2025-10-08,Sunny,16,8,24,2,126,1,64,6062,6062,40
2025-10-09,Sunny,16,8,24,2,125,2,123,6110,6110,40
2025-10-10,Sunny,15,9,24,0,0,2,121,6020,6020,42
2025-10-11,Sunny,5,11,16,1,60,0,0,6038,6038,42
2025-10-12,Sunny,2,10,12,0,0,1,63,6014,6014,42
2025-10-13,Sunny,15,7,22,7,432,1,62,6365,6365,41
2025-10-14,Sunny,17,7,24,1,60,3,183,6337,6337,41
2025-10-15,Sunny,16,7,23,0,0,0,0,6253,6253,42
2025-10-16,Sunny,15,7,22,2,128,0,0,6295,6295,41
2025-10-17,Sunny,12,10,22,0,0,0,0,6228,6228,41
2025-10-18,Sunny,5,11,16,0,0,2,120,6196,6196,41
2025-10-19,Sunny,1,12,13,3,190,1,60,6364,6364,41
2025-10-20,Sunny,14,7,21,5,303,2,120,6574,6574,37
2025-10-21,Sunny,18,7,25,0,0,5,303,6449,6449,37
2025-10-22,Sunny,15,8,23,2,125,0,0,6493,6493,35
2025-10-23,Sunny,14,8,22,2,124,0,0,6514,6514,33
2025-10-24,Sunny,15,11,26,0,0,2,120,6425,6425,33
2025-10-25,Sunny,4,13,17,2,121,0,0,6512,6512,33
2025-10-26,Sunny,1,10,11,2,125,0,0,6621,6621,31
2025-10-27,Sunny,15,7,22,3,189,0,0,6686,6686,29
2025-10-28,Sunny,15,7,22,2,128,0,0,6712,6712,31
2025-10-29,Sunny,14,6,20,1,60,0,0,6687,6687,30
2025-10-30,Sunny,16,7,23,1,61,1,62,6646,6646,31
2025-10-31,Sunny,12,10,22,1,61,3,183,6609,6609,31
2025-11-01,Sunny,4,11,15,0,0,1,60,6576,6576,31
2025-11-02,Sunny,1,9,10,3,185,0,0,6744,6744,29
2025-11-03,Sunny,17,7,24,1,60,1,60,6687,6687,29
2025-11-04,Sunny,18,8,26,2,120,2,121,6709,6709,31
2025-11-05,Sunny,18,8,26,2,124,2,124,6698,6698,30
2025-11-06,Sunny,16,9,25,1,60,3,181,6655,6655,29
2025-11-07,Sunny,15,10,25,0,0,2,124,6545,6545,30
2025-11-08,Sunny,4,11,15,0,0,2,120,6509,6509,31
2025-11-09,Sunny,1,11,12,2,122,0,0,6609,6609,30
2025-11-10,Sunny,18,8,26,3,180,4,243,6699,6699,32
2025-11-11,Sunny,19,8,27,2,120,2,125,6716,6716,33
2025-11-12,Sunny,17,8,25,1,60,0,0,6674,6674,32
2025-11-13,Sunny,17,9,26,3,184,2,124,6752,6752,30
2025-11-14,Sunny,14,9,23,2,121,2,123,6771,6771,30
2025-11-15,Sunny,5,13,18,1,60,1,60,6776,6776,30
2025-11-16,Sunny,2,11,13,1,63,0,0,6816,6816,30
2025-11-17,Sunny,17,8,25,2,123,2,123,6820,6820,28
2025-11-18,Sunny,17,8,25,2,121,1,61,6797,6797,29
2025-11-19,Sunny,18,8,26,1,64,1,60,6715,6715,30
2025-11-20,Sunny,18,9,27,3,186,2,122,6821,6821,29
2025-11-21,Sunny,16,10,26,0,0,2,122,6729,6729,32
2025-11-22,Sunny,4,12,16,1,61,1,61,6758,6758,32
2025-11-23,Sunny,1,13,14,1,60,0,0,6804,6804,31
2025-11-24,Sunny,17,7,24,3,184,1,60,6898,6898,30
2025-11-25,Sunny,21,7,28,0,0,3,190,6745,6745,30
2025-11-26,Sunny,19,8,27,1,61,2,120,6658,6658,30
2025-11-27,Sunny,15,8,23,0,0,2,121,6567,6567,31
2025-11-28,Sunny,15,11,26,0,0,0,0,6481,6481,31
2025-11-29,Sunny,4,12,16,0,0,1,60,6441,6441,32
2025-11-30,Sunny,1,11,12,1,60,0,0,6487,6487,31
2025-12-01,Sunny,13,6,19,3,180,3,187,6584,6584,35
2025-12-02,Sunny,15,5,20,1,64,3,184,6554,6554,34
2025-12-03,Sunny,13,6,19,2,123,3,181,6595,6595,33
2025-12-04,Sunny,13,7,20,1,60,3,186,6570,6570,32
2025-12-05,Sunny,10,8,18,0,0,1,61,6509,6509,32
2025-12-06,Sunny,3,9,12,1,63,0,0,6542,6542,31
2025-12-07,Sunny,1,8,9,1,62,0,0,6593,6593,30
2025-12-08,Sunny,12,5,17,3,183,0,0,6708,6708,30
2025-12-09,Sunny,12,6,18,0,0,1,61,6620,6620,30
2025-12-10,Sunny,12,6,18,0,0,0,0,6526,6526,32
2025-12-11,Sunny,10,7,17,0,0,0,0,6469,6469,34
2025-12-12,Sunny,10,7,17,2,120,1,61,6512,6512,34
2025-12-13,Sunny,3,9,12,1,60,0,0,6538,6538,33
2025-12-14,Sunny,1,8,9,2,120,0,0,6644,6644,32
2025-12-15,Sunny,13,6,19,5,303,2,121,6838,6838,29
2025-12-16,Sunny,13,5,18,1,60,1,60,6838,6838,30
2025-12-17,Sunny,14,6,20,0,0,1,60,6748,6748,30
2025-12-18,Sunny,12,7,19,2,120,3,187,6774,6774,30
2025-12-19,Sunny,12,7,19,0,0,1,60,6713,6713,31
2025-12-20,Sunny,4,9,13,0,0,0,0,6687,6687,31
2025-12-21,Sunny,1,9,10,0,0,0,0,6679,6679,31
2025-12-22,Sunny,12,6,18,0,0,1,60,6610,6610,33
2025-12-23,Sunny,14,6,20,0,0,3,182,6525,6525,34
2025-12-24,Sunny,14,6,20,1,62,1,60,6500,6500,35
2025-12-25,Sunny,12,7,19,3,183,1,61,6604,6604,35
2025-12-26,Sunny,12,7,19,0,0,4,245,6518,6518,38
2025-12-27,Sunny,3,9,12,0,0,1,60,6493,6493,38
2025-12-28,Sunny,1,8,9,1,60,0,0,6542,6542,37
2025-12-29,Sunny,11,6,17,2,121,1,61,6591,6591,35
2025-12-30,Sunny,15,6,21,2,124,2,121,6610,6610,33
2025-12-31,Sunny,12,6,18,3,181,0,0,6709,6709,34
